nm,row
650,128
650,129
650,130
650,131
650,132
650,133
650,134
650,135
650,136
650,137
650,138
650,139
650,140
650,141
650,142
650,143
650,144
650,145
650,146
650,147
650,148
650,149
650,150
650,151
650,152
649,153
649,154
648,155
648,156
647,157
647,158
646,159
645,160
644,161
644,162
643,163
642,164
641,165
640,166
639,167
639,168
638,169
637,170
636,171
635,172
633,173
632,174
631,175
630,176
629,177
628,178
626,179
625,180
624,181
623,182
621,183
620,184
619,185
617,186
616,187
614,188
613,189
611,190
610,191
608,192
607,193
605,194
604,195
602,196
601,197
599,198
597,199
596,200
594,201
592,202
591,203
589,204
587,205
586,206
584,207
582,208
580,209
579,210
577,211
575,212
573,213
571,214
570,215
568,216
566,217
564,218
562,219
560,220
558,221
556,222
555,223
553,224
551,225
549,226
547,227
545,228
543,229
541,230
539,231
537,232
535,233
533,234
532,235
530,236
528,237
526,238
524,239
522,240
520,241
518,242
516,243
514,244
512,245
510,246
508,247
506,248
504,249
503,250
501,251
499,252
497,253
495,254
493,255
491,256
489,257
487,258
486,259
484,260
482,261
480,262
478,263
477,264
475,265
473,266
471,267
469,268
468,269
466,270
464,271
463,272
461,273
459,274
458,275
456,276
454,277
453,278
451,279
450,280
448,281
446,282
445,283
443,284
442,285
440,286
439,287
438,288
436,289
435,290
433,291
432,292
431,293
429,294
428,295
427,296
426,297
424,298
423,299
422,300
421,301
420,302
419,303
418,304
417,305
416,306
415,307
414,308
413,309
412,310
411,311
410,312
410,313
409,314
408,315
407,316
407,317
406,318
406,319
405,320
405,321
