time_boot_ms,xacc,yacc,zacc,xgyro,ygyro,zgyro,xmag,ymag,zmag
6300,-590,52,784,76,-84,-92,32767,32767,32767
6390,-592,49,780,-145,319,-38,32767,32767,32767
6490,-620,32,748,-274,671,-143,32767,32767,32767
6590,-666,10,723,-18,246,59,32767,32767,32767
6690,-683,16,730,-63,157,93,32767,32767,32767
6790,-671,9,714,3,28,37,32767,32767,32767
7090,-601,10,780,-146,-158,29,32767,32767,32767
7190,-592,7,815,-1,-207,42,32767,32767,32767
7290,-553,27,786,-127,-114,-121,32767,32767,32767
7390,-600,-4,821,4,180,-57,32767,32767,32767
7490,-571,-3,839,-54,-574,-9,32767,32767,32767
7590,-514,0,826,-87,-567,82,32767,32767,32767
7690,-515,-4,847,55,188,-7,32767,32767,32767
7790,-534,8,834,-68,260,-18,32767,32767,32767
7890,-573,-1,838,-103,417,79,32767,32767,32767
7990,-607,-10,792,-141,368,-19,32767,32767,32767
8090,-621,-11,758,-51,529,39,32767,32767,32767
8190,-691,37,696,183,809,326,32767,32767,32767
8290,-724,51,666,65,473,106,32767,32767,32767
8390,-749,21,631,-139,170,-147,32767,32767,32767
8490,-767,31,583,45,1151,32,32767,32767,32767
8590,-831,32,489,30,1148,-216,32767,32767,32767
8690,-866,7,425,-108,467,-91,32767,32767,32767
8790,-873,0,384,-71,433,99,32767,32767,32767
8890,-917,10,320,-262,644,-88,32767,32767,32767
8990,-890,-42,268,-194,221,-113,32767,32767,32767
9090,-1000,-37,255,9,-598,-19,32767,32767,32767
10390,-307,-127,966,60,-919,-286,32767,32767,32767
10500,-227,-137,878,-227,-252,903,32767,32767,32767
10590,-390,-82,931,14,425,521,32767,32767,32767
10790,-401,-172,948,48,379,369,32767,32767,32767
11090,-377,-5,814,797,210,1385,32767,32767,32767
11190,-356,113,922,1324,365,1442,32767,32767,32767
11290,-395,173,971,645,309,562,32767,32767,32767
11390,-492,356,884,-5,-196,-28,32767,32767,32767
11490,-447,266,916,146,-394,-130,32767,32767,32767
11600,-328,371,816,285,-699,222,32767,32767,32767
11700,-281,374,829,380,-177,5,32767,32767,32767
11790,-371,498,863,270,-360,90,32767,32767,32767
11890,-287,334,958,-95,-123,-218,32767,32767,32767
11990,-257,483,895,429,-1352,-1311,32767,32767,32767
12390,47,117,926,-1506,-311,626,32767,32767,32767
12690,55,126,1104,-1968,-1832,-2320,32767,32767,32767
6380,651,383,923,-1404,-78,1157,32767,32767,32767
6480,603,366,889,-57,94,-69,32767,32767,32767
6570,500,406,774,-439,-375,-129,32767,32767,32767
6670,408,407,768,-351,-41,-97,32767,32767,32767
6770,504,415,846,-456,-155,262,32767,32767,32767
6870,524,377,804,-202,-19,114,32767,32767,32767
6970,462,345,743,-427,-107,474,32767,32767,32767
7070,621,263,842,-764,0,444,32767,32767,32767
7170,605,200,852,-590,116,31,32767,32767,32767
7270,536,262,910,-487,-32,-682,32767,32767,32767
7370,430,306,881,-290,69,-347,32767,32767,32767
7470,465,259,919,-30,396,-364,32767,32767,32767
7570,508,260,903,-409,-84,-272,32767,32767,32767
7670,445,260,832,-288,216,186,32767,32767,32767
7770,412,233,941,-435,629,161,32767,32767,32767
7870,377,244,916,-336,-113,-81,32767,32767,32767
7970,378,204,926,-286,-201,7,32767,32767,32767
8070,557,162,974,-991,-995,-21,32767,32767,32767
8170,475,181,866,-264,-1090,-366,32767,32767,32767
9670,1126,394,-50,486,-179,800,32767,32767,32767
9770,1009,94,-120,-587,-40,2797,32767,32767,32767
9870,1044,162,-107,-795,-283,-916,32767,32767,32767
9970,905,276,-99,-213,-1737,325,32767,32767,32767
10070,932,119,-301,-677,-715,-246,32767,32767,32767
10170,904,281,-342,-646,-1702,-686,32767,32767,32767
10270,708,501,-506,-1930,-2874,-1902,32767,32767,32767
10370,445,783,-577,-2838,-3018,-4926,32767,32767,32767
10470,-57,958,-475,-408,-3858,-585,32767,32767,32767
10870,-111,882,-467,-199,323,-338,32767,32767,32767
10970,-79,1014,-407,-983,-122,-1306,32767,32767,32767
11070,-327,929,-474,-782,-534,-566,32767,32767,32767
11180,-363,872,-299,-812,-914,-324,32767,32767,32767
11280,-369,888,-208,-826,-1167,-106,32767,32767,32767
11370,-280,933,44,-818,-1169,79,32767,32767,32767
11470,-536,753,-31,-336,-287,-1481,32767,32767,32767
11570,-477,827,-8,-314,-568,-1029,32767,32767,32767
11670,-542,838,33,-933,-418,346,32767,32767,32767
11770,-583,913,192,-1179,-472,1805,32767,32767,32767
11870,-387,924,297,-1474,-698,1527,32767,32767,32767
11970,-163,853,392,-914,-999,1414,32767,32767,32767
12070,4,854,423,-254,-325,641,32767,32767,32767
12170,-35,863,386,246,-95,-147,32767,32767,32767
12270,-58,967,409,279,-176,-997,32767,32767,32767
12370,-64,945,368,-101,23,-2000,32767,32767,32767
12470,-429,865,355,-396,411,-2092,32767,32767,32767
12570,-541,690,300,-365,-249,-1202,32767,32767,32767
12670,-559,722,386,-371,216,-358,32767,32767,32767
12770,-559,769,335,-351,-134,665,32767,32767,32767
12870,-329,871,280,-856,-702,1674,32767,32767,32767
12970,-226,828,508,-858,-1222,4035,32767,32767,32767
13070,148,800,589,-706,-870,2643,32767,32767,32767
13170,489,712,526,-513,-620,910,32767,32767,32767
13270,515,695,523,-206,-450,367,32767,32767,32767
13370,523,742,524,-195,-375,160,32767,32767,32767
13470,528,655,505,-114,-190,71,32767,32767,32767
13570,560,690,504,16,-92,-21,32767,32767,32767
13670,586,765,473,2,94,-143,32767,32767,32767
13770,525,744,467,-46,246,212,32767,32767,32767
13870,526,741,465,162,483,499,32767,32767,32767
13970,485,778,486,-106,277,445,32767,32767,32767
14070,519,696,475,-371,-214,644,32767,32767,32767
14170,590,629,490,-243,-179,303,32767,32767,32767
14270,668,620,508,-5,-129,305,32767,32767,32767
14370,704,652,465,214,541,-744,32767,32767,32767
14470,440,784,391,422,300,-1611,32767,32767,32767
14570,312,922,431,146,462,-2359,32767,32767,32767
14670,68,960,414,-388,520,-1221,32767,32767,32767
14770,42,893,409,-534,191,35,32767,32767,32767
14870,-33,855,448,-360,-144,-371,32767,32767,32767
14970,-31,875,378,170,-678,-1409,32767,32767,32767
15070,-182,953,399,319,-596,-1994,32767,32767,32767
15170,-349,875,391,-15,-107,-984,32767,32767,32767
15270,-416,832,364,-179,0,-576,32767,32767,32767
15370,-415,851,345,-310,174,26,32767,32767,32767
15470,-386,834,343,-50,-62,745,32767,32767,32767
15570,-315,868,355,-156,-43,-87,32767,32767,32767
15670,-462,869,405,-529,-2026,-1467,32767,32767,32767
15780,24,791,425,660,-1135,1447,32767,32767,32767
15880,-69,885,312,-834,1645,-1065,32767,32767,32767
15970,-435,774,367,-977,2180,1115,32767,32767,32767
16070,-582,890,326,-239,667,552,32767,32767,32767
16170,-188,844,363,-749,41,722,32767,32767,32767
16570,-341,792,323,659,567,-1092,32767,32767,32767
16670,-506,845,146,789,765,-855,32767,32767,32767
16770,-691,887,36,1618,2218,-156,32767,32767,32767
16870,-422,784,-250,861,1207,1007,32767,32767,32767
16970,-377,804,-345,302,165,382,32767,32767,32767
17070,-448,830,-357,-466,-65,9,32767,32767,32767
17170,-318,774,-241,-281,-724,319,32767,32767,32767
17270,-327,908,-188,-562,-555,253,32767,32767,32767
17370,-308,964,-154,-367,-154,294,32767,32767,32767
17470,-298,864,-121,-364,-65,386,32767,32767,32767
17570,-320,932,-188,-187,45,68,32767,32767,32767
17670,-302,1027,-159,20,-8,-264,32767,32767,32767
17770,-309,835,-239,98,194,-864,32767,32767,32767
17870,-456,786,-323,50,-27,-19,32767,32767,32767
17970,-365,830,-224,-389,121,-760,32767,32767,32767
18070,-493,915,-294,-206,126,-87,32767,32767,32767
18470,-482,704,-320,974,-963,-2650,32767,32767,32767
18570,-801,262,-325,579,-301,-632,32767,32767,32767
18670,-779,450,-416,485,-360,-617,32767,32767,32767
18770,-793,470,-453,-306,48,96,32767,32767,32767
18870,-560,405,-313,-486,-168,-755,32767,32767,32767
18970,-856,356,-419,-322,190,-290,32767,32767,32767
19070,-768,319,-355,-222,119,-735,32767,32767,32767
19270,-773,305,-376,-313,-27,-28,32767,32767,32767
19370,-820,256,-410,-338,128,-313,32767,32767,32767
19470,-853,236,-375,-300,582,219,32767,32767,32767
19570,-821,140,-483,-383,393,-599,32767,32767,32767
19670,-829,182,-530,-1322,111,-42,32767,32767,32767
20080,-858,45,-459,-299,319,725,32767,32767,32767
21780,-1027,-198,-108,-8907,3693,69,32767,32767,32767
21870,9,985,137,-4108,4665,1832,32767,32767,32767
21970,-558,311,-915,5206,-1132,-1743,32767,32767,32767
22070,-590,-206,-736,5638,-1263,-391,32767,32767,32767
22170,-886,-717,-745,-3875,703,-773,32767,32767,32767
22270,-632,-333,-954,650,-871,374,32767,32767,32767
22370,-276,412,-469,-1622,460,1643,32767,32767,32767
22470,-825,-161,-802,-6854,1453,-35,32767,32767,32767
22570,17,893,88,-6209,227,1368,32767,32767,32767
22670,-657,1169,-246,-2108,1138,-1777,32767,32767,32767
22770,-772,752,-36,-1157,1031,-3250,32767,32767,32767
25770,-1104,-35,-222,-365,-366,86,32767,32767,32767
25880,-919,53,-57,-251,-1469,778,32767,32767,32767
25970,-852,20,140,105,-858,480,32767,32767,32767
26070,-943,151,116,426,-575,468,32767,32767,32767
26170,-916,295,104,244,332,-390,32767,32767,32767
26270,-954,475,-24,-1231,497,86,32767,32767,32767
26370,-879,333,-155,-249,803,-1826,32767,32767,32767
26470,-774,-134,-79,83,160,-2248,32767,32767,32767
26570,-899,-439,0,-370,-155,-1373,32767,32767,32767
26670,-876,-547,36,-295,-564,-410,32767,32767,32767
26770,-916,-443,111,921,-1336,117,32767,32767,32767
26870,-868,-240,247,197,-1886,1386,32767,32767,32767
26970,-801,-135,352,-164,-1118,1403,32767,32767,32767
27070,-803,-216,535,-2120,-283,4872,32767,32767,32767
27170,-80,586,671,-2328,-1503,10054,32767,32767,32767
27270,-57,569,737,-1941,147,-163,32767,32767,32767
27370,-91,701,782,427,-807,541,32767,32767,32767
27470,77,695,851,-256,-39,987,32767,32767,32767
27570,-69,691,760,99,937,-452,32767,32767,32767
27670,-153,724,702,807,925,-143,32767,32767,32767
27770,-124,817,582,604,540,470,32767,32767,32767
27870,-293,750,688,-1414,17,-1345,32767,32767,32767
27970,-275,642,585,-618,445,-1661,32767,32767,32767
28070,-349,574,634,425,11,-184,32767,32767,32767
28170,-437,641,633,382,-351,425,32767,32767,32767
28270,-347,792,607,-232,-923,364,32767,32767,32767
28370,-242,637,603,-984,-1111,-550,32767,32767,32767
28470,-181,638,780,-72,-1210,288,32767,32767,32767
28570,110,646,846,-326,-1610,1401,32767,32767,32767
28670,184,589,743,-912,-860,721,32767,32767,32767
28770,118,621,808,-539,-874,296,32767,32767,32767
28870,254,576,815,-108,-20,-301,32767,32767,32767
28970,174,598,779,209,259,-171,32767,32767,32767
29070,157,668,789,565,596,-78,32767,32767,32767
29170,181,676,734,79,-15,290,32767,32767,32767
29270,265,708,802,-763,-502,730,32767,32767,32767
29370,549,518,895,-2774,-2889,5444,32767,32767,32767
29670,986,-247,101,-1603,-2749,509,32767,32767,32767
29770,984,-535,47,-3408,450,1896,32767,32767,32767
29870,690,-226,-83,-2314,1288,3682,32767,32767,32767
29970,845,-759,70,-629,1166,4456,32767,32767,32767
30070,346,-817,16,963,49,285,32767,32767,32767
30180,332,-852,143,-156,-326,1069,32767,32767,32767
30280,264,-1023,144,21,-310,978,32767,32767,32767
30380,98,-1078,323,237,173,1016,32767,32767,32767
30470,30,-983,201,-719,1218,-28,32767,32767,32767
30570,110,-962,-39,-1043,670,-403,32767,32767,32767
30670,92,-996,83,-417,145,424,32767,32767,32767
30770,185,-856,50,-934,-683,-1232,32767,32767,32767
30870,163,-1011,-110,87,-77,-215,32767,32767,32767
30970,166,-1019,-57,77,-148,15,32767,32767,32767
31070,225,-1011,58,563,-657,197,32767,32767,32767
31170,187,-945,112,-252,-1540,-656,32767,32767,32767
31270,180,-944,30,-180,-1052,-75,32767,32767,32767
31370,290,-949,28,-168,-1476,549,32767,32767,32767
31670,147,-981,-55,-219,113,150,32767,32767,32767
31770,18,-1018,-3,-224,165,518,32767,32767,32767
31880,131,-997,-5,86,727,-475,32767,32767,32767
31970,176,-960,10,-352,-328,-49,32767,32767,32767
32070,117,-987,5,-541,-150,463,32767,32767,32767
32170,56,-970,-16,-107,321,331,32767,32767,32767
32470,41,-995,-49,-413,-518,-84,32767,32767,32767
33150,52,-996,-17,-413,-325,97,32767,32767,32767
33470,10,-975,-69,-437,-90,117,32767,32767,32767
33570,75,-988,-108,-364,329,349,32767,32767,32767
33670,-6,-976,-150,45,434,274,32767,32767,32767
33770,-43,-996,-34,-88,78,85,32767,32767,32767
33870,-80,-972,-93,-154,351,220,32767,32767,32767
33970,-96,-991,3,-195,197,113,32767,32767,32767
34070,-78,-971,-123,-362,-39,-99,32767,32767,32767
34880,-202,-983,-188,121,-6,-2,32767,32767,32767
39770,-96,-974,-295,121,62,-374,32767,32767,32767
39970,41,-956,-173,-326,36,-75,32767,32767,32767
40070,-75,-972,-175,-187,-40,111,32767,32767,32767
40170,163,-1056,-173,-253,53,-193,32767,32767,32767
40470,-88,-956,-219,-209,-78,336,32767,32767,32767
40570,-121,-877,-205,-121,-223,363,32767,32767,32767
40670,-166,-1039,-232,-203,-65,374,32767,32767,32767
40770,-151,-985,-201,-64,315,-81,32767,32767,32767
40870,-142,-930,-178,-396,315,-307,32767,32767,32767
40970,-51,-834,-140,-365,103,-160,32767,32767,32767
41070,-82,-946,-180,-272,-13,-126,32767,32767,32767
41170,-12,-959,-275,-504,-571,131,32767,32767,32767
41270,-157,-902,-303,-575,-326,-88,32767,32767,32767
41370,-95,-928,-250,-158,-186,-92,32767,32767,32767
41470,-54,-845,-231,-115,110,-174,32767,32767,32767
41570,-103,-946,-244,81,-156,65,32767,32767,32767
41670,-89,-954,-208,-89,-44,-147,32767,32767,32767
41770,-54,-982,-186,-131,222,-224,32767,32767,32767
41870,-40,-943,-248,-163,9,-40,32767,32767,32767
41970,-64,-977,-201,-182,-176,-308,32767,32767,32767
42070,-23,-980,-211,-295,-882,-688,32767,32767,32767
42170,70,-977,-187,-402,-237,-310,32767,32767,32767
42270,46,-973,-206,-253,-3,-93,32767,32767,32767
42370,65,-973,-184,-305,-563,-214,32767,32767,32767
42470,76,-936,-248,-84,-149,-105,32767,32767,32767
42570,76,-963,-284,-286,-51,113,32767,32767,32767
42670,114,-983,-258,-304,-216,206,32767,32767,32767
42770,-9,-1013,-316,-632,-191,148,32767,32767,32767
42870,-87,-969,-319,-802,694,284,32767,32767,32767
42970,124,-677,-250,-504,298,156,32767,32767,32767
43070,61,-827,-224,-438,1831,1524,32767,32767,32767
43170,-117,-929,-389,-703,677,280,32767,32767,32767
43270,-35,-933,-369,-182,1690,-198,32767,32767,32767
43370,149,-794,-420,419,1331,210,32767,32767,32767
43470,23,-854,-292,614,991,649,32767,32767,32767
43570,204,-941,-365,-164,105,261,32767,32767,32767
43670,-68,-1004,-253,-269,-93,250,32767,32767,32767
43780,-20,-1025,-371,-421,-80,39,32767,32767,32767
43880,56,-962,-304,-313,-183,78,32767,32767,32767
43980,-52,-955,-420,-194,66,51,32767,32767,32767
44070,1,-988,-272,86,-16,40,32767,32767,32767
44170,-199,-1098,-270,-112,424,47,32767,32767,32767
44270,205,-819,-290,-460,-11,-235,32767,32767,32767
44370,18,-805,-115,-246,36,175,32767,32767,32767
44470,8,-917,-339,-300,73,55,32767,32767,32767
44570,-22,-774,-404,-194,54,-126,32767,32767,32767
44670,121,-1014,-375,-72,-143,-94,32767,32767,32767
44770,-95,-951,-238,-265,-84,51,32767,32767,32767
44870,130,-868,-411,-339,60,-129,32767,32767,32767
44970,-5,-957,-353,-12,131,-156,32767,32767,32767
45170,-9,-1011,-472,-307,209,568,32767,32767,32767
45270,36,-954,-312,-356,-9,-183,32767,32767,32767
45370,-7,-882,-266,-230,88,-216,32767,32767,32767
45470,125,-913,-377,29,6,79,32767,32767,32767
45570,-51,-952,-212,414,-233,252,32767,32767,32767
45670,-24,-1002,-66,91,-160,224,32767,32767,32767
45770,-52,-978,-131,-780,-168,-497,32767,32767,32767
45870,136,-907,-328,-508,-124,-284,32767,32767,32767
45970,166,-946,-318,79,-542,578,32767,32767,32767
46070,-244,-963,-160,-207,-764,-45,32767,32767,32767
46170,41,-961,-254,-247,-23,-311,32767,32767,32767
46270,-34,-944,-135,-265,-37,-115,32767,32767,32767
46370,177,-968,-256,-97,-50,248,32767,32767,32767
46470,-11,-958,-314,-339,-30,-71,32767,32767,32767
46570,56,-952,-276,-146,-35,-12,32767,32767,32767
46670,66,-973,-217,-251,-133,61,32767,32767,32767
46770,87,-952,-278,-311,-210,178,32767,32767,32767
46870,-121,-964,-232,-296,-219,42,32767,32767,32767
46970,27,-956,-227,-113,-13,176,32767,32767,32767
47070,-60,-952,-227,-222,-4,-141,32767,32767,32767
47170,62,-923,-166,-31,7,-129,32767,32767,32767
47670,-15,-994,-211,-207,-19,189,32767,32767,32767
47870,-38,-958,-227,-203,-113,143,32767,32767,32767
47970,-47,-970,-208,-317,-70,13,32767,32767,32767
48070,-108,-881,-176,-431,-1,-17,32767,32767,32767
48180,-110,-1113,-388,-409,106,-550,32767,32767,32767
48280,7,-866,-212,120,16,305,32767,32767,32767
48370,-188,-999,-176,194,-593,854,32767,32767,32767
48470,-109,-1282,-303,-510,68,-491,32767,32767,32767
48570,-166,-1209,-334,-766,-1024,2198,32767,32767,32767
48670,-349,-764,-92,-509,-1421,2202,32767,32767,32767
48770,-681,-236,229,1410,-1652,3707,32767,32767,32767
48870,-710,-239,142,1640,-1157,2224,32767,32767,32767
48970,-699,-312,200,777,138,-580,32767,32767,32767
49370,-836,-488,204,223,41,-380,32767,32767,32767
49470,-819,-349,118,442,829,217,32767,32767,32767
49570,-811,-444,189,1144,173,-188,32767,32767,32767
49670,-685,-535,187,1125,265,149,32767,32767,32767
50270,-1205,289,160,-1972,-2162,-104,32767,32767,32767
50370,-950,56,257,-550,512,-297,32767,32767,32767
50470,-896,61,123,4,629,613,32767,32767,32767
50570,-946,145,133,-793,-358,264,32767,32767,32767
50670,-944,125,150,-233,-41,138,32767,32767,32767
50770,-933,138,141,-206,-79,103,32767,32767,32767
50870,-812,178,227,-156,-144,40,32767,32767,32767
50970,-987,52,186,-220,100,-702,32767,32767,32767
51070,-907,64,138,-213,-311,18,32767,32767,32767
51470,-947,96,145,196,264,738,32767,32767,32767
51570,-909,80,66,-628,279,59,32767,32767,32767
51670,-959,153,116,-1042,-311,814,32767,32767,32767
51770,-888,248,188,-806,-111,979,32767,32767,32767
51880,-861,298,184,-1033,0,1276,32767,32767,32767
51970,-799,393,207,-1013,-430,2172,32767,32767,32767
52670,842,877,44,-2038,-1790,-2169,32767,32767,32767
52780,288,926,-230,-2394,-5140,-4199,32767,32767,32767
52880,-461,1121,-125,-2754,-4486,-5988,32767,32767,32767
53470,-483,438,663,766,-38,1885,32767,32767,32767
53570,-836,256,594,-2023,1922,-2469,32767,32767,32767
53670,-856,-163,416,-1603,783,-1252,32767,32767,32767
53770,-829,-60,482,-25,154,420,32767,32767,32767
53870,-846,-91,471,-195,-151,32,32767,32767,32767
53970,-843,-94,462,-224,-60,-2,32767,32767,32767
54070,-844,-97,461,-227,-43,2,32767,32767,32767
54170,-843,-96,457,-226,-44,5,32767,32767,32767
54270,-842,-96,458,-226,-45,3,32767,32767,32767
54370,-843,-96,460,-226,-46,4,32767,32767,32767
54470,-843,-95,460,-226,-45,4,32767,32767,32767
54570,-843,-96,460,-226,-45,4,32767,32767,32767
54670,-843,-96,460,-226,-46,4,32767,32767,32767
54770,-843,-96,460,-226,-46,4,32767,32767,32767
54870,-843,-95,459,-226,-45,4,32767,32767,32767
54970,-843,-96,459,-224,-46,4,32767,32767,32767
55070,-843,-96,460,-224,-46,4,32767,32767,32767
55170,-843,-96,459,-224,-46,4,32767,32767,32767
55270,-843,-96,459,-224,-46,4,32767,32767,32767
55370,-842,-96,458,-224,-46,4,32767,32767,32767
55470,-842,-96,460,-226,-46,4,32767,32767,32767
55570,-843,-95,459,-224,-46,4,32767,32767,32767
55670,-843,-95,460,-226,-46,4,32767,32767,32767
55770,-842,-97,460,-224,-45,4,32767,32767,32767
55870,-843,-96,460,-226,-46,4,32767,32767,32767
55970,-843,-95,459,-224,-46,4,32767,32767,32767
56070,-843,-97,460,-226,-46,3,32767,32767,32767
56170,-843,-96,460,-224,-46,4,32767,32767,32767
56270,-843,-96,461,-224,-46,4,32767,32767,32767
56370,-843,-96,459,-224,-46,4,32767,32767,32767
56470,-844,-96,458,-226,-46,4,32767,32767,32767
56570,-843,-96,459,-226,-46,4,32767,32767,32767
56770,-843,-97,460,-224,-46,4,32767,32767,32767
56870,-843,-96,460,-224,-46,4,32767,32767,32767
56970,-843,-95,460,-224,-46,4,32767,32767,32767
57070,-843,-97,459,-224,-46,4,32767,32767,32767
57170,-843,-95,460,-224,-46,4,32767,32767,32767
57270,-843,-97,461,-224,-46,4,32767,32767,32767
57370,-843,-96,461,-226,-46,4,32767,32767,32767
57480,-843,-96,458,-224,-46,4,32767,32767,32767
57580,-843,-96,458,-224,-46,4,32767,32767,32767
57680,-842,-96,459,-224,-46,4,32767,32767,32767
57770,-842,-96,459,-224,-46,4,32767,32767,32767
57870,-843,-96,459,-226,-45,4,32767,32767,32767
57970,-842,-96,461,-224,-46,4,32767,32767,32767
58070,-843,-96,459,-224,-46,4,32767,32767,32767
58170,-843,-96,459,-226,-46,4,32767,32767,32767
58270,-842,-96,458,-224,-46,3,32767,32767,32767
58370,-843,-97,459,-224,-46,4,32767,32767,32767
58470,-844,-96,458,-226,-46,4,32767,32767,32767
58570,-842,-96,459,-224,-45,4,32767,32767,32767
58670,-843,-96,459,-224,-46,4,32767,32767,32767
58770,-842,-96,459,-224,-45,4,32767,32767,32767
58870,-844,-96,459,-224,-46,4,32767,32767,32767
58970,-842,-97,458,-224,-46,4,32767,32767,32767
59070,-842,-95,458,-226,-47,5,32767,32767,32767
59170,-835,-85,459,-209,-27,103,32767,32767,32767
59270,-832,-91,443,-259,62,-51,32767,32767,32767
60870,-845,-102,462,-311,-30,37,32767,32767,32767
61880,-848,-120,459,-234,175,-18,32767,32767,32767
62380,-842,-112,455,-211,-50,-4,32767,32767,32767
62480,-837,-117,451,-261,-68,-36,32767,32767,32767
62570,-839,-123,456,-228,-62,-18,32767,32767,32767
62670,-842,-124,459,-233,-55,14,32767,32767,32767
62770,-844,-118,464,-215,-45,61,32767,32767,32767
62870,-841,-115,458,-237,-61,-9,32767,32767,32767
62970,-843,-119,454,-219,-10,2,32767,32767,32767
63070,-849,-130,437,-222,-23,54,32767,32767,32767
63170,-832,-125,431,-233,-15,36,32767,32767,32767
63270,-843,-117,442,-242,33,0,32767,32767,32767
63370,-848,-117,438,-250,-23,10,32767,32767,32767
63470,-839,-107,436,-205,-181,45,32767,32767,32767
63570,-857,-119,470,-150,-168,94,32767,32767,32767
63670,-802,-57,476,-381,77,-55,32767,32767,32767
63770,-852,-110,453,-235,13,35,32767,32767,32767
63870,-843,-94,463,-267,-336,98,32767,32767,32767
63970,-826,-74,495,-223,-171,-100,32767,32767,32767
64070,-833,-117,476,-228,-135,-101,32767,32767,32767
64170,-816,-119,489,-207,-40,-38,32767,32767,32767
64270,-800,-130,485,-207,-62,-47,32767,32767,32767
64370,-826,-134,483,-209,40,-78,32767,32767,32767
64470,-829,-131,484,-198,-15,-10,32767,32767,32767
64570,-825,-141,483,-252,-85,-53,32767,32767,32767
64670,-826,-139,484,-206,56,-13,32767,32767,32767
64770,-826,-155,460,-212,114,-12,32767,32767,32767
64870,-833,-152,458,-127,-122,144,32767,32767,32767
64970,-854,-131,470,-262,57,177,32767,32767,32767
65070,-848,-132,428,-434,-125,61,32767,32767,32767
65170,-850,-125,461,-205,-198,29,32767,32767,32767
65270,-837,-130,500,11,-483,-196,32767,32767,32767
65370,-819,-111,501,-196,72,155,32767,32767,32767
65470,-824,-127,493,-226,14,-111,32767,32767,32767
65570,-820,-97,482,-216,-95,-85,32767,32767,32767
65670,-815,-152,487,-234,62,-30,32767,32767,32767
65770,-819,-110,469,-222,86,123,32767,32767,32767
65870,-837,-147,479,-114,103,-287,32767,32767,32767
65970,-841,-171,449,-206,93,150,32767,32767,32767
66070,-797,-117,318,-255,-116,101,32767,32767,32767
66170,-837,-125,469,-98,-209,-7,32767,32767,32767
66270,-812,-129,496,-178,-127,-133,32767,32767,32767
66370,-859,-136,473,-342,451,-55,32767,32767,32767
66680,-861,-113,429,-362,-288,318,32767,32767,32767
66780,-856,-132,430,-318,-117,14,32767,32767,32767
66880,-850,-112,451,-223,-191,-28,32767,32767,32767
66970,-840,-124,459,-162,-170,18,32767,32767,32767
67070,-840,-113,458,-188,-40,15,32767,32767,32767
67170,-835,-129,460,-204,-9,-129,32767,32767,32767
67270,-836,-116,477,-164,-125,35,32767,32767,32767
67370,-829,-121,458,-169,-43,-36,32767,32767,32767
67470,-839,-130,462,-170,-30,38,32767,32767,32767
67570,-839,-133,452,-219,21,-10,32767,32767,32767
67670,-847,-115,467,-267,28,70,32767,32767,32767
67770,-849,-113,449,-269,44,80,32767,32767,32767
67870,-840,-118,451,-144,-161,125,32767,32767,32767
67970,-843,-109,430,-395,-71,296,32767,32767,32767
68070,-846,-100,454,-244,-45,-19,32767,32767,32767
68170,-846,-107,441,-323,110,25,32767,32767,32767
68270,-839,-87,431,-182,-117,93,32767,32767,32767
68370,-844,-94,463,-212,-142,-33,32767,32767,32767
68470,-836,-95,483,-224,-112,-21,32767,32767,32767
68570,-840,-100,497,-254,10,1,32767,32767,32767
68670,-830,-73,449,-240,-224,-84,32767,32767,32767
68770,-842,-94,472,-253,13,-44,32767,32767,32767
68870,-837,-100,472,-229,-32,-137,32767,32767,32767
68980,-829,-113,435,-375,435,-285,32767,32767,32767
69070,-853,-149,438,-320,87,-169,32767,32767,32767
69170,-869,-201,421,-381,148,-23,32767,32767,32767
69270,-863,-153,428,-238,6,59,32767,32767,32767
69370,-873,-152,395,-204,94,-61,32767,32767,32767
69470,-863,-168,366,-209,261,-184,32767,32767,32767
69570,-859,-199,380,-83,-124,-122,32767,32767,32767
69670,-868,-199,371,-98,-224,120,32767,32767,32767
69770,-872,-146,388,-164,-138,-64,32767,32767,32767
69880,-854,-210,410,-179,-87,-22,32767,32767,32767
69970,-863,-156,395,-216,0,127,32767,32767,32767
70070,-855,-184,410,-164,2,-209,32767,32767,32767
70170,-854,-196,400,-173,-30,-111,32767,32767,32767
70270,-867,-202,388,-220,176,89,32767,32767,32767
70370,-860,-194,378,-286,62,214,32767,32767,32767
70470,-872,-176,375,-198,-209,-69,32767,32767,32767
70570,-870,-167,386,-170,-87,-112,32767,32767,32767
70670,-868,-217,386,-172,80,-111,32767,32767,32767
70770,-857,-187,350,-226,104,68,32767,32767,32767
70880,-861,-196,367,-243,-92,-1,32767,32767,32767
70970,-880,-171,361,-217,-88,38,32767,32767,32767
71080,-866,-198,365,-256,17,-75,32767,32767,32767
71180,-871,-209,350,-231,153,-18,32767,32767,32767
71270,-882,-237,358,-393,114,202,32767,32767,32767
71370,-896,-230,312,-34,-828,841,32767,32767,32767
71470,-881,-118,354,-234,-186,73,32767,32767,32767
71570,-886,-125,374,-220,-334,-49,32767,32767,32767
71670,-888,-124,362,-193,-285,-219,32767,32767,32767
71770,-871,-158,368,-238,157,-40,32767,32767,32767
71870,-892,-158,392,-216,38,134,32767,32767,32767
71970,-818,-153,331,-206,-178,217,32767,32767,32767
72070,-872,-126,392,-274,-34,167,32767,32767,32767
72170,-872,-122,368,-344,105,36,32767,32767,32767
72270,-880,-103,381,-270,-157,36,32767,32767,32767
72370,-871,-134,380,-287,313,-290,32767,32767,32767
72470,-891,-144,361,-165,-328,79,32767,32767,32767
72570,-872,-135,378,-195,-198,49,32767,32767,32767
72670,-874,-117,413,-239,-51,114,32767,32767,32767
72770,-879,-114,403,-272,8,33,32767,32767,32767
72870,-853,-133,362,-267,81,-58,32767,32767,32767
72970,-869,-126,374,-268,22,82,32767,32767,32767
73070,-876,-131,372,-285,44,-142,32767,32767,32767
73170,-862,-128,354,-190,-41,-23,32767,32767,32767
73270,-878,-146,382,-167,-94,-87,32767,32767,32767
73370,-875,-163,367,-185,-90,-26,32767,32767,32767
73470,-862,-148,369,-232,44,27,32767,32767,32767
73570,-878,-155,394,-229,-139,40,32767,32767,32767
73670,-876,-166,365,-282,-44,62,32767,32767,32767
73770,-879,-137,407,-189,-227,47,32767,32767,32767
73870,-869,-133,404,-212,-85,7,32767,32767,32767
73970,-866,-133,398,-210,-144,-105,32767,32767,32767
74070,-869,-152,425,-131,-320,-116,32767,32767,32767
74170,-856,-139,438,-139,-110,-148,32767,32767,32767
74270,-851,-158,433,-264,260,7,32767,32767,32767
74370,-849,-149,380,-86,68,-248,32767,32767,32767
74470,-843,-146,395,-171,-67,75,32767,32767,32767
74570,-865,-141,405,-36,-153,-208,32767,32767,32767
74670,-842,-194,416,-220,82,-156,32767,32767,32767
74770,-828,-168,384,-187,-90,-1,32767,32767,32767
74870,-879,-195,419,-202,-106,268,32767,32767,32767
74970,-875,-178,390,-287,7,146,32767,32767,32767
75070,-862,-148,383,-205,-182,67,32767,32767,32767
75180,-862,-112,405,-246,-77,113,32767,32767,32767
75280,-881,-171,436,-298,91,-311,32767,32767,32767
75380,-847,-135,366,-264,30,112,32767,32767,32767
75470,-885,-131,433,-174,-513,250,32767,32767,32767
75570,-851,-126,396,-279,32,112,32767,32767,32767
75670,-867,-128,412,-350,133,38,32767,32767,32767
75770,-854,-85,400,-469,-118,236,32767,32767,32767
75870,-867,-91,400,-254,-171,31,32767,32767,32767
75970,-860,-101,412,-176,-245,-36,32767,32767,32767
76070,-887,-125,448,-126,-247,-315,32767,32767,32767
76170,-797,-149,435,-44,372,-254,32767,32767,32767
76270,-869,-150,405,-257,140,45,32767,32767,32767
76370,-875,-134,390,-130,-440,245,32767,32767,32767
76470,-861,-122,406,-219,-77,10,32767,32767,32767
76570,-857,-133,415,-222,-63,3,32767,32767,32767
76670,-856,-132,417,-221,-56,12,32767,32767,32767
76770,-858,-130,417,-226,-47,-7,32767,32767,32767
76870,-857,-135,418,-219,-57,17,32767,32767,32767
76970,-857,-131,416,-228,-49,-4,32767,32767,32767
77070,-858,-128,418,-218,-54,54,32767,32767,32767
77170,-858,-127,418,-236,-22,-21,32767,32767,32767
77270,-857,-130,413,-222,-51,17,32767,32767,32767
77370,-860,-125,417,-215,-60,55,32767,32767,32767
77470,-861,-125,418,-240,6,19,32767,32767,32767
77570,-855,-126,408,-207,-151,-54,32767,32767,32767
77670,-858,-129,421,-222,-68,-4,32767,32767,32767
77770,-857,-130,421,-223,-49,5,32767,32767,32767
77870,-857,-129,419,-224,-46,3,32767,32767,32767
77970,-857,-129,422,-224,-47,3,32767,32767,32767
78070,-857,-129,420,-224,-47,3,32767,32767,32767
78170,-855,-123,418,-220,-45,-3,32767,32767,32767
78270,-845,-140,416,-63,-342,-99,32767,32767,32767
78370,-854,-148,461,-191,60,-16,32767,32767,32767
78470,-847,-137,433,-296,94,100,32767,32767,32767
78570,-850,-109,441,-222,-205,84,32767,32767,32767
78670,-851,-123,429,-235,-26,4,32767,32767,32767
78770,-852,-125,433,-220,-67,-3,32767,32767,32767
78970,-822,-140,432,-235,-47,-35,32767,32767,32767
79070,-854,-133,433,-226,-76,2,32767,32767,32767
79170,-852,-123,436,-231,-85,-6,32767,32767,32767
79270,-855,-116,443,-206,-77,39,32767,32767,32767
79370,-851,-119,440,-219,-43,45,32767,32767,32767
79480,-854,-104,436,-223,-25,96,32767,32767,32767
79580,-852,-113,425,-236,-13,53,32767,32767,32767
79670,-854,-111,433,-236,-43,37,32767,32767,32767
79770,-854,-99,433,-238,-93,99,32767,32767,32767
79870,-856,-88,452,-299,-176,486,32767,32767,32767
79970,-862,-68,465,-269,-103,56,32767,32767,32767
80070,-857,-62,458,-253,-72,-20,32767,32767,32767
80170,-849,-64,433,-287,-74,-205,32767,32767,32767
80270,-853,-82,450,-260,-67,-160,32767,32767,32767
80370,-847,-88,457,-214,-92,-1,32767,32767,32767
80470,-850,-92,454,-235,-38,-37,32767,32767,32767
80570,-848,-98,449,-228,-38,-13,32767,32767,32767
80670,-849,-98,446,-224,-43,1,32767,32767,32767
80770,-849,-99,448,-226,-45,0,32767,32767,32767
80870,-849,-100,447,-226,-45,1,32767,32767,32767
80970,-849,-100,446,-224,-45,2,32767,32767,32767
81070,-849,-100,448,-224,-46,2,32767,32767,32767
81170,-849,-100,446,-226,-46,1,32767,32767,32767
81270,-848,-100,448,-224,-46,2,32767,32767,32767
81370,-850,-101,447,-224,-45,2,32767,32767,32767
81470,-849,-100,445,-226,-46,3,32767,32767,32767
81570,-848,-100,447,-226,-46,3,32767,32767,32767
81670,-849,-101,447,-226,-46,3,32767,32767,32767
81770,-848,-100,447,-224,-46,3,32767,32767,32767
81870,-849,-101,446,-226,-46,3,32767,32767,32767
81970,-849,-100,446,-224,-46,3,32767,32767,32767
82070,-848,-100,447,-226,-46,3,32767,32767,32767
82170,-848,-100,447,-226,-46,3,32767,32767,32767
82270,-849,-102,447,-226,-46,3,32767,32767,32767
82370,-849,-99,447,-224,-46,3,32767,32767,32767
82470,-849,-101,448,-226,-46,4,32767,32767,32767
82570,-849,-101,446,-226,-46,3,32767,32767,32767
82670,-849,-101,446,-224,-46,3,32767,32767,32767
82770,-849,-101,446,-224,-46,3,32767,32767,32767
82870,-849,-100,447,-226,-46,3,32767,32767,32767
82980,-849,-101,447,-224,-46,4,32767,32767,32767
83070,-848,-101,447,-224,-46,3,32767,32767,32767
83170,-848,-101,446,-226,-46,3,32767,32767,32767
83270,-849,-102,447,-226,-46,4,32767,32767,32767
83370,-849,-101,447,-226,-46,4,32767,32767,32767
83470,-849,-101,447,-226,-46,4,32767,32767,32767
83580,-849,-100,447,-226,-46,3,32767,32767,32767
83680,-849,-100,447,-226,-46,4,32767,32767,32767
83770,-848,-101,445,-226,-46,3,32767,32767,32767
83870,-849,-100,445,-226,-46,3,32767,32767,32767
83970,-849,-101,446,-226,-46,3,32767,32767,32767
84070,-849,-102,447,-226,-45,4,32767,32767,32767
84170,-850,-102,446,-226,-45,3,32767,32767,32767
84270,-848,-101,448,-226,-46,2,32767,32767,32767
84370,-849,-100,446,-226,-46,3,32767,32767,32767
84470,-849,-101,446,-226,-46,4,32767,32767,32767
84570,-847,-100,447,-224,-46,4,32767,32767,32767
84670,-848,-101,448,-226,-46,3,32767,32767,32767
84770,-849,-101,446,-226,-46,4,32767,32767,32767
84870,-849,-100,446,-226,-46,4,32767,32767,32767
84970,-848,-102,447,-226,-46,4,32767,32767,32767
85070,-849,-102,446,-226,-46,3,32767,32767,32767
85170,-849,-102,447,-226,-46,4,32767,32767,32767
85270,-848,-101,447,-224,-46,4,32767,32767,32767
85370,-849,-100,446,-224,-46,4,32767,32767,32767
85470,-848,-101,444,-226,-46,4,32767,32767,32767
85570,-848,-101,447,-226,-46,4,32767,32767,32767
85670,-849,-101,447,-226,-46,3,32767,32767,32767
85770,-849,-102,446,-224,-45,4,32767,32767,32767
85870,-849,-101,446,-224,-46,3,32767,32767,32767
85970,-848,-101,447,-226,-46,3,32767,32767,32767
87770,-850,-101,447,-224,-46,4,32767,32767,32767
87870,-848,-101,445,-224,-46,3,32767,32767,32767
87970,-849,-102,445,-226,-46,3,32767,32767,32767
88070,-849,-102,447,-224,-46,3,32767,32767,32767
88170,-850,-102,447,-226,-46,3,32767,32767,32767
88270,-848,-101,446,-226,-46,3,32767,32767,32767
88370,-847,-102,448,-224,-46,3,32767,32767,32767
88470,-849,-101,446,-226,-45,4,32767,32767,32767
88570,-849,-102,448,-226,-45,4,32767,32767,32767
88670,-848,-101,447,-226,-45,4,32767,32767,32767
88770,-849,-101,446,-226,-46,4,32767,32767,32767
88870,-848,-102,447,-226,-46,4,32767,32767,32767
88970,-849,-102,447,-226,-46,3,32767,32767,32767
89070,-849,-101,446,-226,-46,4,32767,32767,32767
89170,-848,-101,447,-226,-46,4,32767,32767,32767
89270,-849,-102,447,-226,-46,4,32767,32767,32767
89370,-849,-101,448,-226,-46,4,32767,32767,32767
89470,-848,-102,449,-224,-46,4,32767,32767,32767
89570,-848,-101,448,-226,-45,4,32767,32767,32767
89670,-849,-102,446,-226,-46,3,32767,32767,32767
89770,-848,-102,448,-226,-45,4,32767,32767,32767
89870,-847,-101,445,-226,-45,4,32767,32767,32767
89970,-831,-101,435,-221,-44,19,32767,32767,32767
90070,-849,-107,461,-213,60,49,32767,32767,32767
90170,-844,-102,451,-222,-29,33,32767,32767,32767
90270,-850,-104,449,-223,-8,30,32767,32767,32767
90370,-851,-97,444,-224,26,56,32767,32767,32767
90470,-853,-89,437,-216,-42,44,32767,32767,32767
90570,-847,-105,431,-239,-57,-4,32767,32767,32767
90870,-855,-105,444,-216,27,-42,32767,32767,32767
90970,-852,-104,443,-220,-51,-4,32767,32767,32767
91080,-833,-83,411,-177,-75,78,32767,32767,32767
91170,-850,-128,486,-160,-210,-195,32767,32767,32767
91270,-838,-103,434,-273,142,4,32767,32767,32767
91380,-850,-99,448,-232,-37,7,32767,32767,32767
91480,-849,-104,445,-228,-50,-25,32767,32767,32767
91580,-845,-103,446,-222,-73,-27,32767,32767,32767
91670,-841,-105,448,-227,-107,40,32767,32767,32767
91770,-838,-102,449,-286,-119,-11,32767,32767,32767
91870,-841,-117,456,-181,-94,52,32767,32767,32767
91970,-836,-98,462,-202,-89,75,32767,32767,32767
92070,-837,-94,483,-221,-49,7,32767,32767,32767
92170,-831,-100,469,-141,-121,-14,32767,32767,32767
92270,-847,-104,465,-167,-195,-38,32767,32767,32767
92370,-808,-79,519,-320,-96,-231,32767,32767,32767
92470,-814,-132,503,-373,-1,-83,32767,32767,32767
92570,-818,-119,500,-206,-72,18,32767,32767,32767
92670,-816,-134,478,9,-165,-6,32767,32767,32767
92770,-814,-135,509,120,-150,-128,32767,32767,32767
92870,-805,-97,541,-243,-28,49,32767,32767,32767
92980,-824,-121,494,-327,78,-39,32767,32767,32767
93080,-829,-125,489,-500,550,-77,32767,32767,32767
93170,-830,-132,502,-162,-325,185,32767,32767,32767
93270,-818,-88,395,-547,791,-317,32767,32767,32767
93370,-854,-191,396,-465,237,-56,32767,32767,32767
93470,-864,-144,394,-184,-516,298,32767,32767,32767
93770,-826,-192,319,-221,166,89,32767,32767,32767
93870,-881,-138,444,142,-667,222,32767,32767,32767
93980,-843,-123,436,-148,-207,33,32767,32767,32767
94070,-844,-124,438,-216,-111,-12,32767,32767,32767
94170,-851,-127,454,-117,-160,-44,32767,32767,32767
94270,-845,-105,445,-58,190,-257,32767,32767,32767
94370,-853,-135,434,-111,-69,22,32767,32767,32767
94470,-833,-122,459,4,-774,550,32767,32767,32767
94570,-832,-54,536,-219,-89,27,32767,32767,32767
94770,-831,-88,495,-131,-314,210,32767,32767,32767
94870,-831,-71,510,-183,-145,108,32767,32767,32767
94970,-825,-62,496,-186,-60,-46,32767,32767,32767
95070,-819,-61,511,-151,-199,2,32767,32767,32767
95170,-814,-73,519,-162,-120,12,32767,32767,32767
95280,-807,-69,512,-252,-35,6,32767,32767,32767
95380,-819,-65,523,-233,-115,25,32767,32767,32767
95480,-818,-68,525,-236,-19,-23,32767,32767,32767
95570,-823,-70,512,-243,-13,-15,32767,32767,32767
95670,-829,-81,504,-184,-27,-102,32767,32767,32767
95770,-866,-121,520,-262,211,-365,32767,32767,32767
95870,-883,-188,480,174,1153,-1338,32767,32767,32767
95970,-908,-364,307,455,671,-1659,32767,32767,32767
96070,-686,-455,469,-327,-272,-2090,32767,32767,32767
96170,-900,-711,324,-810,524,-1127,32767,32767,32767
96270,-670,-791,367,-997,741,-1076,32767,32767,32767
96370,-738,-803,134,-1433,986,-963,32767,32767,32767
96470,-567,-792,26,-1623,1953,-627,32767,32767,32767
96570,-224,-742,-120,-2085,1656,-281,32767,32767,32767
96670,-31,-668,-363,-1494,578,-156,32767,32767,32767
96770,-282,-694,-717,243,-38,-1396,32767,32767,32767
96870,-186,-1020,-534,2721,-287,-4669,32767,32767,32767
96970,271,-950,-96,3313,-1198,-4843,32767,32767,32767
97070,775,-595,88,1865,-708,-2365,32767,32767,32767
97170,904,-468,154,671,-471,-963,32767,32767,32767
97270,853,-379,-6,1115,-446,-1403,32767,32767,32767
97370,661,-240,51,494,359,-336,32767,32767,32767
97470,583,-353,296,-1982,1794,2244,32767,32767,32767
97570,483,-758,508,-2820,1731,4450,32767,32767,32767
97670,235,-1188,278,-169,265,375,32767,32767,32767
97770,326,-867,163,-745,256,-1014,32767,32767,32767
97870,474,-865,258,-415,648,-821,32767,32767,32767
97970,503,-1023,337,-868,1175,1138,32767,32767,32767
98070,265,-1076,92,-61,386,381,32767,32767,32767
98370,403,-936,397,-703,-191,172,32767,32767,32767
98470,274,-856,143,-1835,297,95,32767,32767,32767
98570,378,-842,220,-1035,68,611,32767,32767,32767
98670,262,-840,135,112,-66,-237,32767,32767,32767
98770,80,-1042,-30,-1403,-182,912,32767,32767,32767
98870,81,-1006,9,-1442,-829,703,32767,32767,32767
98980,-67,-952,-324,-1511,-746,382,32767,32767,32767
99080,100,-964,-239,-778,-442,-528,32767,32767,32767
99180,33,-936,-297,124,-29,104,32767,32767,32767
99270,61,-955,-252,170,135,109,32767,32767,32767
99570,148,-940,-164,-892,-619,609,32767,32767,32767
99670,38,-967,-284,-286,-327,175,32767,32767,32767
99770,-28,-904,-228,140,-522,880,32767,32767,32767
99870,-110,-1010,-288,92,1089,278,32767,32767,32767
99970,80,-992,-53,-680,1147,148,32767,32767,32767
100070,-75,-931,-312,-194,519,386,32767,32767,32767
100170,-140,-958,-244,-100,990,359,32767,32767,32767
100270,-59,-929,-297,335,290,-776,32767,32767,32767
100370,77,-957,-141,-544,304,213,32767,32767,32767
100470,14,-961,-276,-678,20,907,32767,32767,32767
100570,17,-979,-181,-769,27,430,32767,32767,32767
100670,-180,-886,-473,-438,-59,267,32767,32767,32767
100970,-142,-907,-355,-422,39,247,32767,32767,32767
102770,-93,-935,-336,-219,-103,127,32767,32767,32767
102880,-103,-899,-299,-151,-59,-128,32767,32767,32767
102980,31,-625,-208,-317,264,-691,32767,32767,32767
103070,89,-1043,-368,-185,79,33,32767,32767,32767
103170,-20,-988,-190,-235,14,66,32767,32767,32767
103270,-11,-940,-327,-97,-30,-14,32767,32767,32767
103870,-49,-959,-216,-292,-71,53,32767,32767,32767
103970,-24,-939,-344,-203,-7,-201,32767,32767,32767
104070,-45,-973,-145,-74,-78,161,32767,32767,32767
104170,14,-909,-396,-413,-7,-149,32767,32767,32767
104270,-78,-951,-208,-188,-44,-51,32767,32767,32767
104370,-78,-923,-227,-115,-192,642,32767,32767,32767
104470,-47,-895,-209,-312,-461,85,32767,32767,32767
105980,21,-939,-341,-129,-65,17,32767,32767,32767
106070,47,-910,-376,-196,-56,17,32767,32767,32767
106170,40,-939,-375,-81,-30,-52,32767,32767,32767
106270,48,-905,-227,-216,-198,202,32767,32767,32767
106370,54,-908,-369,-247,24,-251,32767,32767,32767
106680,21,-923,-316,-312,-37,-23,32767,32767,32767
106780,29,-935,-346,-176,-46,15,32767,32767,32767
106870,-20,-924,-361,-385,-83,93,32767,32767,32767
106970,38,-938,-330,-52,-52,37,32767,32767,32767
107070,44,-915,-373,-187,-35,-30,32767,32767,32767
107270,63,-915,-378,-289,-6,-143,32767,32767,32767
107370,50,-896,-405,-167,-38,-22,32767,32767,32767
107470,1,-902,-362,-217,-15,-100,32767,32767,32767
107570,-19,-915,-378,-45,-139,287,32767,32767,32767
107670,49,-907,-386,-282,-52,11,32767,32767,32767
107770,32,-926,-351,-243,-46,0,32767,32767,32767
107870,31,-932,-338,-211,-47,5,32767,32767,32767
107970,28,-926,-348,-212,-46,5,32767,32767,32767
108070,52,-927,-344,-236,-35,-38,32767,32767,32767
108170,28,-911,-387,-87,-59,67,32767,32767,32767
108270,24,-928,-367,57,-78,110,32767,32767,32767
108370,16,-945,-291,-1,-50,48,32767,32767,32767
108470,51,-972,-175,-194,-76,28,32767,32767,32767
108570,-13,-891,-461,-433,-26,2,32767,32767,32767
108670,-42,-935,-324,-299,-52,26,32767,32767,32767
108770,16,-934,-326,-223,-60,55,32767,32767,32767
108870,-134,-973,-238,-384,11,-125,32767,32767,32767
108970,12,-923,-327,-1,-54,46,32767,32767,32767
109070,40,-936,-326,-276,-60,-3,32767,32767,32767
109170,71,-917,-364,-339,-3,-202,32767,32767,32767
109270,-85,-951,-296,-430,-93,162,32767,32767,32767
109370,-26,-934,-326,-124,-85,120,32767,32767,32767
109470,37,-921,-355,-221,-19,-66,32767,32767,32767
109570,11,-939,-330,-462,-25,-54,32767,32767,32767
109670,85,-889,-409,-351,-38,-54,32767,32767,32767
109770,35,-897,-410,41,-113,234,32767,32767,32767
109870,6,-938,-325,-233,-41,-14,32767,32767,32767
109970,33,-911,-382,-267,-57,-16,32767,32767,32767
110070,-9,-921,-371,-279,-63,10,32767,32767,32767
110170,8,-933,-351,-212,-47,-162,32767,32767,32767
110270,62,-949,-302,-335,-123,-12,32767,32767,32767
110370,-10,-933,-373,-346,-194,-50,32767,32767,32767
110470,11,-910,-397,-239,-166,-119,32767,32767,32767
110580,60,-914,-365,17,53,-90,32767,32767,32767
110680,26,-942,-323,-177,-68,102,32767,32767,32767
110770,-9,-917,-378,-189,-47,16,32767,32767,32767
110870,38,-939,-319,-246,-51,20,32767,32767,32767
110970,37,-943,-326,-135,-59,51,32767,32767,32767
111070,20,-974,-258,-353,-27,-68,32767,32767,32767
111170,-3,-946,-298,-56,-52,32,32767,32767,32767
111270,-45,-938,-328,-537,-57,-2,32767,32767,32767
111370,65,-893,-420,-304,4,-130,32767,32767,32767
111470,54,-931,-349,-116,-87,87,32767,32767,32767
111570,16,-925,-355,-307,-32,-109,32767,32767,32767
111670,96,-882,-409,-195,-30,-87,32767,32767,32767
111770,43,-926,-365,-249,-66,55,32767,32767,32767
111870,55,-915,-388,-210,-12,-46,32767,32767,32767
111970,65,-900,-407,-229,-35,62,32767,32767,32767
112070,86,-910,-383,-292,-63,79,32767,32767,32767
112170,60,-870,-445,-140,-44,22,32767,32767,32767
112270,10,-923,-368,52,-63,92,32767,32767,32767
112370,33,-917,-369,-279,-41,-13,32767,32767,32767
112470,23,-931,-346,-218,-49,9,32767,32767,32767
112570,27,-927,-352,-212,-49,11,32767,32767,32767
112670,28,-923,-355,-219,-47,7,32767,32767,32767
112770,28,-923,-358,-223,-46,5,32767,32767,32767
112870,28,-923,-358,-222,-46,1,32767,32767,32767
112970,27,-923,-358,-223,-46,3,32767,32767,32767
113080,27,-924,-356,-223,-46,3,32767,32767,32767
113170,27,-923,-356,-223,-46,3,32767,32767,32767
113270,25,-922,-357,-226,-46,5,32767,32767,32767
113370,26,-924,-357,-224,-46,3,32767,32767,32767
113470,26,-924,-358,-223,-46,3,32767,32767,32767
113570,26,-924,-357,-224,-46,3,32767,32767,32767
113670,27,-925,-358,-224,-46,2,32767,32767,32767
113770,26,-924,-357,-224,-46,3,32767,32767,32767
113870,27,-924,-357,-224,-46,2,32767,32767,32767
113970,28,-923,-356,-224,-46,2,32767,32767,32767
114070,27,-923,-357,-226,-46,3,32767,32767,32767
114180,26,-923,-356,-224,-46,3,32767,32767,32767
114280,28,-924,-356,-226,-46,3,32767,32767,32767
114370,27,-924,-356,-224,-46,3,32767,32767,32767
114470,27,-925,-356,-226,-46,4,32767,32767,32767
114570,26,-924,-357,-226,-46,4,32767,32767,32767
114670,26,-925,-356,-224,-46,4,32767,32767,32767
114770,25,-924,-357,-221,-45,0,32767,32767,32767
114870,27,-924,-357,-224,-46,2,32767,32767,32767
114970,26,-923,-355,-226,-45,2,32767,32767,32767
115070,26,-924,-356,-227,-46,4,32767,32767,32767
115170,27,-924,-356,-226,-46,4,32767,32767,32767
115270,26,-924,-356,-224,-46,2,32767,32767,32767
115370,24,-924,-356,-223,-46,3,32767,32767,32767
115470,26,-925,-355,-224,-46,3,32767,32767,32767
115570,26,-924,-356,-224,-46,2,32767,32767,32767
115670,24,-924,-356,-226,-46,3,32767,32767,32767
115770,25,-924,-357,-227,-46,4,32767,32767,32767
115870,25,-924,-356,-227,-46,4,32767,32767,32767
115970,27,-924,-356,-224,-46,2,32767,32767,32767
116070,24,-923,-358,-224,-46,3,32767,32767,32767
116170,21,-925,-353,-223,-46,2,32767,32767,32767
116270,25,-925,-355,-222,-46,1,32767,32767,32767
116370,26,-924,-354,-223,-45,2,32767,32767,32767
116470,10,-937,-354,-352,-6,-111,32767,32767,32767
116570,21,-934,-329,-161,-50,-1,32767,32767,32767
116670,6,-936,-340,-299,-33,-36,32767,32767,32767
116770,34,-927,-375,-426,35,-238,32767,32767,32767
116870,108,-898,-397,-322,12,-176,32767,32767,32767
116970,83,-877,-425,-426,-79,-5,32767,32767,32767
117070,73,-889,-435,-194,-13,-38,32767,32767,32767
117170,116,-916,-375,-11,29,117,32767,32767,32767
117270,10,-904,-411,-204,-145,154,32767,32767,32767
117370,49,-902,-416,-332,-5,-150,32767,32767,32767
117470,156,-888,-389,-285,29,-177,32767,32767,32767
117570,115,-896,-407,-297,176,82,32767,32767,32767
117670,114,-891,-420,-256,205,248,32767,32767,32767
117780,58,-928,-400,-300,-112,1,32767,32767,32767
117880,85,-860,-477,-152,-69,97,32767,32767,32767
117970,116,-921,-365,-110,-87,135,32767,32767,32767
118070,79,-913,-402,-343,13,17,32767,32767,32767
118170,-29,-919,-401,-402,668,496,32767,32767,32767
118270,62,-880,-451,-134,30,-67,32767,32767,32767
118370,87,-861,-476,-115,-39,-174,32767,32767,32767
118470,97,-906,-395,-8,-98,105,32767,32767,32767
118570,96,-888,-456,79,-295,534,32767,32767,32767
118670,-75,-952,-296,-226,-6,-193,32767,32767,32767
118770,28,-896,-429,-21,-77,116,32767,32767,32767
118870,4,-965,-264,79,-41,80,32767,32767,32767
118970,20,-917,-377,-387,-62,10,32767,32767,32767
119070,16,-930,-353,-404,-25,-89,32767,32767,32767
119170,56,-888,-425,-198,-51,11,32767,32767,32767
119270,50,-913,-385,-339,-21,-54,32767,32767,32767
119370,41,-945,-326,-139,-78,98,32767,32767,32767
119470,32,-888,-416,-284,-33,-40,32767,32767,32767
119570,58,-948,-308,32,-63,76,32767,32767,32767
119670,40,-905,-394,-273,-43,-17,32767,32767,32767
119770,29,-928,-353,-222,-46,1,32767,32767,32767
119870,31,-921,-363,-211,-47,9,32767,32767,32767
119970,37,-919,-370,-227,-46,3,32767,32767,32767
120070,34,-920,-365,-229,-46,2,32767,32767,32767
120170,35,-922,-364,-223,-46,3,32767,32767,32767
120270,36,-921,-363,-222,-46,4,32767,32767,32767
120370,35,-921,-363,-227,-46,3,32767,32767,32767
120470,35,-921,-364,-226,-46,4,32767,32767,32767
120570,36,-921,-364,-224,-46,3,32767,32767,32767
120670,36,-922,-364,-224,-46,3,32767,32767,32767
120770,36,-921,-363,-226,-46,3,32767,32767,32767
120870,53,-927,-347,-183,-40,-12,32767,32767,32767
120970,42,-915,-375,-220,-43,-4,32767,32767,32767
121070,35,-918,-367,-234,-46,2,32767,32767,32767
121170,34,-922,-363,-226,-47,4,32767,32767,32767
121270,33,-920,-365,-232,-47,4,32767,32767,32767
121380,8,-913,-389,-174,-134,274,32767,32767,32767
121480,208,-886,-395,-314,0,-170,32767,32767,32767
121570,0,-960,-288,-282,-26,-79,32767,32767,32767
121670,48,-882,-436,-206,-49,11,32767,32767,32767
121770,45,-935,-336,-265,-52,15,32767,32767,32767
121870,40,-929,-348,-189,-46,11,32767,32767,32767
121970,39,-919,-368,-219,-46,3,32767,32767,32767
122070,36,-920,-366,-230,-46,1,32767,32767,32767
122170,17,-935,-345,-179,-37,-12,32767,32767,32767
122270,42,-916,-371,-176,-41,-12,32767,32767,32767
122370,29,-911,-379,-202,-53,27,32767,32767,32767
122470,49,-927,-351,-270,-51,-3,32767,32767,32767
122570,26,-924,-337,-195,-65,68,32767,32767,32767
122670,36,-910,-384,-278,-40,-17,32767,32767,32767
122770,36,-896,-425,-435,-62,25,32767,32767,32767
122870,42,-926,-363,-295,-2,-135,32767,32767,32767
122970,65,-914,-383,-269,-45,-32,32767,32767,32767
123070,87,-938,-338,-266,-67,29,32767,32767,32767
123180,59,-919,-375,-104,-20,-72,32767,32767,32767
123270,38,-921,-371,-177,-47,13,32767,32767,32767
123370,58,-924,-355,-228,-18,7,32767,32767,32767
123470,41,-916,-377,-220,-56,-15,32767,32767,32767
123570,49,-900,-400,-244,-178,58,32767,32767,32767
123670,22,-924,-369,-187,-54,65,32767,32767,32767
123770,14,-932,-369,-281,22,-145,32767,32767,32767
123870,51,-873,-428,-326,-3,-59,32767,32767,32767
123970,40,-894,-416,-271,-80,136,32767,32767,32767
124080,12,-902,-410,-173,-21,64,32767,32767,32767
124170,42,-907,-398,-235,172,27,32767,32767,32767
124470,104,-925,-375,-416,-136,-64,32767,32767,32767
124570,32,-798,-564,-1021,93,33,32767,32767,32767
124670,82,-1071,-212,666,-103,128,32767,32767,32767
124770,-59,-860,-462,-353,-196,138,32767,32767,32767
124870,-26,-863,-480,-245,-139,200,32767,32767,32767
124980,-46,-871,-458,-52,-159,-117,32767,32767,32767
125080,7,-888,-432,0,-49,-176,32767,32767,32767
125170,48,-906,-392,9,-149,-201,32767,32767,32767
125270,1,-893,-418,28,-265,-103,32767,32767,32767
125370,86,-929,-313,435,-32,-440,32767,32767,32767
125470,127,-952,-242,-348,-157,290,32767,32767,32767
125570,-67,-907,-410,-347,-206,334,32767,32767,32767
125670,9,-961,-308,-362,-83,186,32767,32767,32767
125770,-35,-900,-387,-338,-84,-15,32767,32767,32767
125870,13,-905,-395,-280,10,-197,32767,32767,32767
125970,15,-916,-362,-289,48,-151,32767,32767,32767
126070,83,-851,-467,-202,-60,27,32767,32767,32767
126170,-12,-921,-381,-385,-71,73,32767,32767,32767
126270,21,-909,-390,-245,-37,-59,32767,32767,32767
126370,13,-914,-379,-229,-29,-61,32767,32767,32767
126470,33,-892,-412,-184,-21,-63,32767,32767,32767
126570,0,-927,-342,-66,-43,1,32767,32767,32767
126670,11,-915,-378,-215,-26,-58,32767,32767,32767
126770,27,-930,-358,-184,-20,-29,32767,32767,32767
126870,41,-916,-369,-196,-54,42,32767,32767,32767
126970,-3,-925,-374,-74,-39,39,32767,32767,32767
127070,62,-935,-351,-14,-7,-82,32767,32767,32767
127170,1,-934,-336,-180,-27,183,32767,32767,32767
127270,42,-942,-333,-202,-61,110,32767,32767,32767
127370,-45,-931,-310,-122,-39,44,32767,32767,32767
127470,47,-936,-307,-222,-12,-22,32767,32767,32767
127570,15,-945,-313,-111,-254,83,32767,32767,32767
127670,4,-939,-303,-410,-53,13,32767,32767,32767
127770,-27,-928,-338,-284,-111,-53,32767,32767,32767
127870,55,-926,-349,-104,-38,-201,32767,32767,32767
127970,-18,-955,-272,-137,-89,-30,32767,32767,32767
128070,3,-944,-309,-155,-73,-29,32767,32767,32767
128180,44,-945,-281,-243,-23,36,32767,32767,32767
128270,-2,-953,-307,-579,-30,-164,32767,32767,32767
128370,31,-923,-358,-278,-71,-19,32767,32767,32767
128470,66,-922,-346,-283,-62,88,32767,32767,32767
128570,6,-910,-369,-259,-54,114,32767,32767,32767
128680,56,-931,-333,-227,-45,-53,32767,32767,32767
128780,26,-925,-357,-478,145,109,32767,32767,32767
128870,-41,-904,-404,-412,-52,164,32767,32767,32767
128970,8,-904,-395,-273,175,116,32767,32767,32767
129070,-11,-908,-384,-313,97,216,32767,32767,32767
129170,-4,-918,-419,-272,-226,45,32767,32767,32767
129270,-78,-904,-395,-250,-61,42,32767,32767,32767
129370,42,-895,-436,-180,464,-193,32767,32767,32767
129470,11,-929,-363,-119,-73,68,32767,32767,32767
129570,6,-902,-402,-214,-38,-86,32767,32767,32767
129670,18,-911,-394,-215,-40,-31,32767,32767,32767
129770,23,-902,-403,-219,-72,36,32767,32767,32767
129870,-3,-909,-395,-201,-35,-17,32767,32767,32767
129970,16,-916,-385,-278,-1,-60,32767,32767,32767
130070,65,-897,-401,-311,20,3,32767,32767,32767
130170,-38,-912,-408,-330,50,56,32767,32767,32767
130270,6,-895,-458,-406,553,132,32767,32767,32767
130370,64,-879,-451,-229,-12,22,32767,32767,32767
130470,51,-886,-438,-164,159,137,32767,32767,32767
130570,21,-904,-421,-162,0,-45,32767,32767,32767
130670,45,-900,-423,-198,-73,1,32767,32767,32767
130770,62,-939,-366,-358,-100,-161,32767,32767,32767
130870,59,-843,-504,-206,-215,-113,32767,32767,32767
130970,42,-921,-408,-390,-91,109,32767,32767,32767
131080,97,-851,-459,-377,-85,48,32767,32767,32767
131170,2,-864,-482,-456,-6,186,32767,32767,32767
131270,-8,-838,-517,-154,6,-79,32767,32767,32767
131370,55,-875,-456,83,168,58,32767,32767,32767
131470,92,-820,-523,-286,121,-66,32767,32767,32767
131570,73,-824,-519,29,-125,126,32767,32767,32767
131670,-21,-951,-363,444,-182,302,32767,32767,32767
132170,5,-915,-386,-183,-23,-53,32767,32767,32767
132280,29,-935,-334,-236,-39,-9,32767,32767,32767
132380,-1,-921,-384,-421,-105,-26,32767,32767,32767
132470,-9,-904,-396,-252,3,-133,32767,32767,32767
132570,41,-912,-393,-333,55,-149,32767,32767,32767
132670,49,-912,-385,-167,-70,66,32767,32767,32767
132770,-9,-946,-323,-266,-41,-26,32767,32767,32767
132870,25,-899,-390,-467,6,-33,32767,32767,32767
132970,6,-931,-363,-193,-73,81,32767,32767,32767
133070,4,-911,-399,-189,-37,-26,32767,32767,32767
133170,28,-916,-396,-220,5,-112,32767,32767,32767
133270,1,-837,-534,-120,-13,-109,32767,32767,32767
133370,132,-943,-112,168,-96,-268,32767,32767,32767
133470,61,-962,-271,-62,-127,262,32767,32767,32767
133570,90,-925,-350,-307,-69,-185,32767,32767,32767
133670,30,-953,-305,-289,-204,287,32767,32767,32767
133770,42,-934,-354,-570,-59,48,32767,32767,32767
133870,60,-912,-398,-115,-70,149,32767,32767,32767
133970,-20,-946,-311,-77,-78,111,32767,32767,32767
134070,42,-946,-301,-230,-5,-114,32767,32767,32767
134170,27,-930,-346,-337,-73,172,32767,32767,32767
134270,6,-933,-293,-173,-35,45,32767,32767,32767
134370,15,-923,-355,-216,-32,-109,32767,32767,32767
134470,40,-915,-395,-282,-37,-26,32767,32767,32767
134570,48,-950,-335,50,-78,184,32767,32767,32767
134670,-24,-961,-231,-88,-161,307,32767,32767,32767
134770,-19,-970,-267,-493,-30,153,32767,32767,32767
134870,92,-927,-322,-223,343,-401,32767,32767,32767
134970,52,-941,-327,-123,17,-176,32767,32767,32767
135070,51,-942,-303,-117,-45,34,32767,32767,32767
135170,2,-951,-291,-268,-76,85,32767,32767,32767
135270,-18,-937,-314,-248,-47,-3,32767,32767,32767
135370,49,-937,-312,-386,-12,-134,32767,32767,32767
135670,-41,-926,-319,-255,-59,87,32767,32767,32767
135770,0,-937,-324,-124,0,-117,32767,32767,32767
135870,49,-951,-277,-247,-43,-82,32767,32767,32767
135980,-20,-935,-332,-369,-87,113,32767,32767,32767
136080,-3,-935,-338,-191,-57,37,32767,32767,32767
136170,-22,-936,-328,-158,17,-193,32767,32767,32767
136270,46,-930,-319,-179,47,-156,32767,32767,32767
136370,73,-932,-327,-86,-4,26,32767,32767,32767
136470,105,-972,-246,-271,-236,468,32767,32767,32767
136570,-118,-927,-330,-223,-393,434,32767,32767,32767
136670,-188,-928,-313,-58,6,-412,32767,32767,32767
136770,-9,-975,-300,306,727,-1063,32767,32767,32767
136870,137,-1124,-277,1195,2020,-559,32767,32767,32767
136970,357,-1122,139,1468,1513,-492,32767,32767,32767
137070,339,-854,261,151,116,-1141,32767,32767,32767
137170,323,-771,267,623,133,-734,32767,32767,32767
137270,376,-571,298,508,-228,-209,32767,32767,32767
137370,342,-782,337,-652,-721,40,32767,32767,32767
137470,496,-1133,207,-256,272,-305,32767,32767,32767
137570,574,-817,187,-167,-695,-47,32767,32767,32767
137670,539,-776,219,-245,-251,-102,32767,32767,32767
137770,401,-707,227,123,-44,-626,32767,32767,32767
137870,512,-808,245,163,0,-285,32767,32767,32767
137970,610,-808,348,-181,-320,-216,32767,32767,32767
138070,642,-839,327,-456,-569,56,32767,32767,32767
138170,536,-702,133,-231,-420,153,32767,32767,32767
138270,637,-956,291,-283,112,243,32767,32767,32767
138370,594,-1159,373,-1283,-509,536,32767,32767,32767
138470,345,-866,201,-1148,-136,1321,32767,32767,32767
138570,285,-723,30,-531,153,2912,32767,32767,32767
138670,275,-796,-80,706,-1078,-122,32767,32767,32767
138770,175,-1043,170,-57,-176,425,32767,32767,32767
138870,96,-882,-81,-835,-344,-732,32767,32767,32767
138970,129,-726,-53,-601,122,-424,32767,32767,32767
139070,616,-1097,-99,149,-693,-816,32767,32767,32767
139170,440,-860,47,102,-314,-524,32767,32767,32767
139270,496,-898,-30,8,535,-426,32767,32767,32767
139380,403,-989,182,-106,49,-429,32767,32767,32767
139480,449,-979,155,-259,45,136,32767,32767,32767
139570,512,-1192,13,-1286,-112,177,32767,32767,32767
139670,571,-881,-375,-569,265,1482,32767,32767,32767
139770,72,-955,-115,-518,335,726,32767,32767,32767
139870,270,-1164,-55,283,337,-1023,32767,32767,32767
139970,190,-1160,-57,-1797,286,-638,32767,32767,32767
140070,275,-691,-395,-1703,666,187,32767,32767,32767
140170,218,-706,-226,-1077,812,217,32767,32767,32767
140270,350,-973,-235,-1474,1382,612,32767,32767,32767
140370,266,-1068,-246,98,715,1236,32767,32767,32767
140470,251,-764,164,116,28,1031,32767,32767,32767
140570,475,-636,53,-620,495,-156,32767,32767,32767
140670,630,-662,-51,448,1129,-618,32767,32767,32767
140770,495,-1073,151,1567,642,-679,32767,32767,32767
140870,667,-1054,267,506,1282,-1634,32767,32767,32767
140970,800,-747,269,541,2720,-784,32767,32767,32767
141070,1133,-1146,575,448,726,1754,32767,32767,32767
141170,-40,-1465,333,-1239,-1093,2497,32767,32767,32767
141270,84,-1068,-291,-536,-1702,-460,32767,32767,32767
141370,-64,-978,158,-378,-615,733,32767,32767,32767
141570,-99,-869,-165,252,339,946,32767,32767,32767
141670,20,-940,73,-881,843,192,32767,32767,32767
141770,19,-885,-6,-1399,934,92,32767,32767,32767
141870,50,-866,-98,-907,583,-718,32767,32767,32767
141970,54,-990,69,-273,358,-145,32767,32767,32767
142070,104,-868,121,-93,-3,-9,32767,32767,32767
142180,160,-724,-137,-367,-122,-220,32767,32767,32767
142270,104,-850,-109,114,-12,350,32767,32767,32767
142370,50,-971,-174,-111,223,346,32767,32767,32767
142470,-5,-1075,-158,-177,373,46,32767,32767,32767
142670,-142,-1091,76,-491,889,20,32767,32767,32767
142770,-63,-952,17,-214,525,-113,32767,32767,32767
142870,-108,-832,-48,-542,400,-6,32767,32767,32767
142970,-62,-879,-41,-148,115,-302,32767,32767,32767
143080,24,-1011,-1,-167,-484,64,32767,32767,32767
143270,-37,-1087,-69,-32,-1380,-695,32767,32767,32767
143370,122,-1019,175,-285,-775,750,32767,32767,32767
143470,150,-917,-2,-622,-295,632,32767,32767,32767
143570,116,-886,56,31,-728,-195,32767,32767,32767
143670,86,-891,-71,104,-813,-183,32767,32767,32767
143770,59,-1015,-92,-306,-548,86,32767,32767,32767
143870,1,-1077,-245,-824,-143,-125,32767,32767,32767
143970,-25,-1093,64,202,-786,-868,32767,32767,32767
144070,113,-989,102,8,-715,-1436,32767,32767,32767
144170,185,-857,128,925,-750,-2168,32767,32767,32767
144270,588,-779,153,649,-864,-1459,32767,32767,32767
144370,489,-833,208,1146,-494,-55,32767,32767,32767
144470,621,-841,376,865,-945,399,32767,32767,32767
144570,594,-871,331,616,-1335,35,32767,32767,32767
144670,526,-809,360,707,-1485,-244,32767,32767,32767
144770,577,-669,281,1383,-1203,-700,32767,32767,32767
144870,650,-574,401,1242,339,502,32767,32767,32767
145170,774,-627,520,-574,-355,260,32767,32767,32767
145270,645,-668,344,-598,-311,-17,32767,32767,32767
145370,658,-578,431,216,-347,-345,32767,32767,32767
145570,937,-667,422,-643,-241,-1613,32767,32767,32767
145670,844,-484,396,-815,-779,-318,32767,32767,32767
145770,721,-323,321,-502,-276,-141,32767,32767,32767
145870,745,-429,279,-338,-80,113,32767,32767,32767
145970,787,-600,225,-578,-107,1070,32767,32767,32767
146580,672,-880,143,-166,-908,111,32767,32767,32767
146680,621,-806,141,-583,-418,-84,32767,32767,32767
146770,569,-806,117,-768,-310,10,32767,32767,32767
146870,510,-854,-52,-318,-353,-193,32767,32767,32767
146970,625,-731,55,-336,-268,-153,32767,32767,32767
147070,646,-769,19,-281,2,12,32767,32767,32767
147170,637,-849,0,197,-168,128,32767,32767,32767
147270,587,-804,-18,-311,-535,-23,32767,32767,32767
147370,629,-852,-99,-478,-187,220,32767,32767,32767
147470,694,-803,-148,-415,102,-280,32767,32767,32767
147570,651,-735,29,-493,-193,-353,32767,32767,32767
147670,561,-693,-45,-131,-205,281,32767,32767,32767
147770,731,-847,-22,-82,-49,171,32767,32767,32767
147870,548,-753,-136,-256,-425,469,32767,32767,32767
147970,482,-732,-89,-73,357,804,32767,32767,32767
148070,460,-835,-3,556,558,258,32767,32767,32767
148170,584,-887,93,405,206,13,32767,32767,32767
148270,589,-939,74,379,59,1010,32767,32767,32767
148370,364,-945,158,438,-601,729,32767,32767,32767
148470,310,-916,249,268,-765,-598,32767,32767,32767
148570,427,-880,283,-223,-543,-713,32767,32767,32767
148670,433,-828,208,-263,-151,-426,32767,32767,32767
148770,599,-859,190,-336,-37,-552,32767,32767,32767
148870,671,-843,192,-461,149,121,32767,32767,32767
148970,534,-832,133,-411,-62,271,32767,32767,32767
149070,567,-815,161,-372,-175,-111,32767,32767,32767
149170,570,-786,150,-190,-37,172,32767,32767,32767
149270,532,-837,138,-36,-154,-49,32767,32767,32767
149370,639,-905,201,-4,-225,96,32767,32767,32767
149470,504,-854,113,-376,-297,462,32767,32767,32767
149570,471,-782,104,264,-588,-106,32767,32767,32767
149670,558,-831,181,411,-481,-288,32767,32767,32767
149770,549,-988,230,514,-115,-119,32767,32767,32767
149870,588,-875,374,1393,-1045,-534,32767,32767,32767
149980,691,-378,423,2597,-756,22,32767,32767,32767
150080,666,-284,366,2080,-1336,725,32767,32767,32767
150170,622,-679,440,1840,-613,833,32767,32767,32767
150270,790,-591,537,136,-587,-413,32767,32767,32767
150370,830,-459,618,113,-98,36,32767,32767,32767
150470,753,-481,543,330,-127,539,32767,32767,32767
150570,678,-535,536,-127,-128,461,32767,32767,32767
150670,755,-372,562,-182,-175,39,32767,32767,32767
150770,789,-500,535,75,-219,454,32767,32767,32767
150870,803,-495,450,331,-440,331,32767,32767,32767
150970,761,-409,521,573,-1047,529,32767,32767,32767
151070,757,-414,473,860,-1243,444,32767,32767,32767
151170,766,-414,504,1289,-1369,42,32767,32767,32767
151270,916,-346,553,929,-291,56,32767,32767,32767
151370,821,-366,436,941,263,536,32767,32767,32767
151470,702,-276,596,837,502,1091,32767,32767,32767
151570,626,-405,680,609,-394,432,32767,32767,32767
151670,781,-195,720,855,-1020,-351,32767,32767,32767
151770,927,-148,608,488,-482,208,32767,32767,32767
151870,877,-276,659,-447,537,529,32767,32767,32767
151970,855,-221,573,-666,-229,-252,32767,32767,32767
152070,729,-204,513,-728,-261,-234,32767,32767,32767
152170,770,-276,503,-278,-126,5,32767,32767,32767
152370,950,-341,541,60,-781,426,32767,32767,32767
152470,1000,-287,529,35,-340,375,32767,32767,32767
152570,877,-297,435,-96,-253,494,32767,32767,32767
152870,882,-473,414,313,-187,255,32767,32767,32767
152970,819,-436,434,-38,-15,84,32767,32767,32767
153070,812,-396,454,-335,20,-66,32767,32767,32767
153180,854,-396,489,-552,300,-136,32767,32767,32767
153280,818,-392,488,-530,503,-132,32767,32767,32767
153380,802,-409,492,-470,466,-202,32767,32767,32767
153480,771,-401,527,-335,-78,-464,32767,32767,32767
153570,919,-370,557,-180,-479,-398,32767,32767,32767
153670,813,-203,453,-161,374,232,32767,32767,32767
153870,888,-189,462,29,-585,-276,32767,32767,32767
153970,892,-235,487,-313,-489,-284,32767,32767,32767
154180,946,-263,460,-468,-212,-146,32767,32767,32767
154270,929,-265,400,-409,9,-149,32767,32767,32767
154370,917,-234,376,-428,137,-248,32767,32767,32767
154470,919,-188,380,-513,114,-283,32767,32767,32767
154570,882,-150,382,-552,54,-398,32767,32767,32767
154670,977,-112,420,-657,-107,-534,32767,32767,32767
154770,1032,-90,425,-845,-53,-213,32767,32767,32767
154870,939,-75,431,-563,-15,-71,32767,32767,32767
154970,938,-86,456,-98,23,101,32767,32767,32767
155070,954,-91,469,-1,219,138,32767,32767,32767
155180,924,-39,464,-325,317,1,32767,32767,32767
155270,893,-108,445,-597,309,180,32767,32767,32767
155370,789,-225,397,-605,146,58,32767,32767,32767
155470,942,-294,471,-537,-221,-242,32767,32767,32767
155570,960,-301,501,-762,-90,-139,32767,32767,32767
155670,814,-338,436,-703,60,12,32767,32767,32767
155870,902,-311,492,-93,72,-32,32767,32767,32767
156170,848,-243,551,179,-113,75,32767,32767,32767
156270,860,-223,552,478,-492,11,32767,32767,32767
156370,861,-164,530,513,-275,-257,32767,32767,32767
156770,930,180,460,-113,-89,-335,32767,32767,32767
156870,943,249,419,-496,-109,-122,32767,32767,32767
156980,1050,304,360,-508,-609,3,32767,32767,32767
157080,918,291,172,-842,-1698,-160,32767,32767,32767
157170,857,297,0,-196,-780,-417,32767,32767,32767
157270,904,395,-94,-488,-1419,-1237,32767,32767,32767
157370,775,471,-103,-559,-581,-1073,32767,32767,32767
157470,807,474,-4,28,-1341,-1033,32767,32767,32767
157570,674,661,-320,-227,-1674,-529,32767,32767,32767
157670,721,654,-443,-453,-1267,-659,32767,32767,32767
157770,598,707,-443,-754,-539,-1239,32767,32767,32767
157870,461,837,-457,-598,-539,-1082,32767,32767,32767
157970,513,926,-422,-295,-231,-501,32767,32767,32767
158070,458,893,-437,-106,99,347,32767,32767,32767
158170,458,899,-417,-35,-778,844,32767,32767,32767
158270,503,875,-473,-557,-1045,269,32767,32767,32767
158370,521,850,-496,-643,-557,404,32767,32767,32767
158470,469,750,-492,-364,-531,265,32767,32767,32767
158570,474,785,-429,-209,-389,300,32767,32767,32767
158670,560,822,-436,-247,-251,465,32767,32767,32767
158770,489,737,-480,-143,-676,209,32767,32767,32767
158870,521,717,-457,-158,-29,218,32767,32767,32767
158970,492,713,-475,-483,-178,-264,32767,32767,32767
159070,437,791,-455,-631,-89,-698,32767,32767,32767
159170,437,838,-419,-754,215,-772,32767,32767,32767
159280,392,894,-372,-872,293,-824,32767,32767,32767
159370,329,929,-295,-766,381,-735,32767,32767,32767
159570,303,952,-254,-283,116,-52,32767,32767,32767
159670,301,975,-239,-162,13,118,32767,32767,32767
159870,270,966,-186,-522,332,55,32767,32767,32767
159970,335,981,-166,-668,850,122,32767,32767,32767
160070,354,923,-47,-627,1349,80,32767,32767,32767
160180,517,958,7,-494,48,647,32767,32767,32767
160280,362,882,99,-670,-196,626,32767,32767,32767
160370,452,752,179,-1240,862,722,32767,32767,32767
160480,533,847,125,-323,1498,1256,32767,32767,32767
160580,719,724,250,164,441,1125,32767,32767,32767
160670,623,698,315,-498,-155,592,32767,32767,32767
160770,771,664,314,-541,343,610,32767,32767,32767
160870,821,567,412,-567,640,1260,32767,32767,32767
160970,813,431,570,-439,1133,1867,32767,32767,32767
161070,862,297,596,-701,1041,1080,32767,32767,32767
161170,854,243,599,-87,940,1557,32767,32767,32767
161270,832,136,682,167,-318,867,32767,32767,32767
161370,852,133,640,-23,-999,594,32767,32767,32767
161470,849,131,616,133,-730,371,32767,32767,32767
161570,918,85,577,80,-83,517,32767,32767,32767
161670,953,21,589,-31,243,670,32767,32767,32767
161770,999,-21,600,-266,164,524,32767,32767,32767
161870,925,-11,615,-309,-142,367,32767,32767,32767
161970,856,2,636,-318,-170,301,32767,32767,32767
162070,801,43,541,-103,64,237,32767,32767,32767
162170,762,30,566,-138,425,10,32767,32767,32767
162270,723,19,593,-197,442,147,32767,32767,32767
162370,751,13,578,-247,423,-103,32767,32767,32767
162470,777,0,750,193,190,-225,32767,32767,32767
162570,730,-16,814,292,-90,-161,32767,32767,32767
162670,725,-10,794,4,-12,-79,32767,32767,32767
162770,636,59,662,-111,-106,-120,32767,32767,32767
162870,656,69,727,92,99,-161,32767,32767,32767
162970,714,38,614,28,248,-483,32767,32767,32767
163070,731,11,783,-395,419,-64,32767,32767,32767
163170,698,59,684,-583,490,61,32767,32767,32767
163270,629,26,707,-668,141,-106,32767,32767,32767
163370,638,28,740,-560,-200,92,32767,32767,32767
163470,605,52,781,-223,-449,438,32767,32767,32767
163570,613,25,815,300,77,384,32767,32767,32767
163670,594,-15,771,234,406,-20,32767,32767,32767
163770,641,2,829,173,890,-6,32767,32767,32767
163870,608,24,825,-384,358,631,32767,32767,32767
163980,574,78,824,-966,-645,718,32767,32767,32767
164070,554,53,738,-498,-473,172,32767,32767,32767
164170,572,-36,734,908,245,-890,32767,32767,32767
164270,687,33,912,1408,543,-861,32767,32767,32767
164370,626,32,879,13,81,465,32767,32767,32767
164470,562,45,853,-1124,-26,1226,32767,32767,32767
164570,449,20,708,-1740,-870,491,32767,32767,32767
164670,496,-1,720,-1141,-686,-570,32767,32767,32767
164770,416,-87,548,-112,280,-1115,32767,32767,32767
164870,572,-1,751,1242,1776,-1271,32767,32767,32767
164970,639,-54,934,1112,1164,-495,32767,32767,32767
165070,592,-10,1055,-1444,267,619,32767,32767,32767
165270,532,-76,764,-1518,-1571,-105,32767,32767,32767
165370,548,-70,722,577,629,-645,32767,32767,32767
165470,712,-25,1005,1520,1314,-658,32767,32767,32767
165570,813,-5,1229,625,-1094,-293,32767,32767,32767
165670,762,25,1216,-1645,-1414,847,32767,32767,32767
165770,556,-14,886,-2193,-643,1176,32767,32767,32767
165870,406,-99,568,-1082,-82,117,32767,32767,32767
165970,777,-26,1101,1233,239,-1304,32767,32767,32767
166070,825,-241,1297,2331,1135,-1525,32767,32767,32767
166170,758,-43,1107,-1165,1182,857,32767,32767,32767
166270,681,31,1000,-2298,401,1222,32767,32767,32767
166370,547,-58,753,-1718,-1004,537,32767,32767,32767
166470,469,-127,686,-79,-1536,-606,32767,32767,32767
166570,519,-88,743,1006,-471,-1339,32767,32767,32767
166670,664,-50,925,1284,1092,-1051,32767,32767,32767
166770,673,-57,962,226,1515,138,32767,32767,32767
166870,659,-39,914,-962,353,726,32767,32767,32767
166980,570,-44,895,-1648,-1143,656,32767,32767,32767
167080,508,-86,768,-1327,-1449,-65,32767,32767,32767
167170,522,-88,717,-165,-271,-655,32767,32767,32767
167270,589,-69,823,642,1147,-765,32767,32767,32767
167370,664,-61,892,741,1488,-435,32767,32767,32767
167470,660,-55,909,105,248,219,32767,32767,32767
167570,630,-44,915,-732,-1060,627,32767,32767,32767
167670,573,-58,858,-1063,-1326,855,32767,32767,32767
167770,488,-89,775,-756,-348,443,32767,32767,32767
167870,528,-91,779,-131,736,-432,32767,32767,32767
167970,604,-76,842,392,1125,-775,32767,32767,32767
168070,643,-68,878,324,417,-748,32767,32767,32767
168170,665,-66,899,-139,-651,-116,32767,32767,32767
168270,610,-60,882,-647,-1043,626,32767,32767,32767
168370,566,-74,823,-775,-536,860,32767,32767,32767
168470,524,-99,779,-449,425,598,32767,32767,32767
168570,544,-99,776,108,603,-290,32767,32767,32767
168670,604,-89,837,382,298,-676,32767,32767,32767
168770,626,-80,871,186,-289,-611,32767,32767,32767
168870,637,-71,873,-279,-577,-43,32767,32767,32767
168970,596,-70,850,-666,-308,540,32767,32767,32767
169070,576,-82,819,-721,144,659,32767,32767,32767
169170,551,-90,774,-412,392,342,32767,32767,32767
169270,573,-94,809,163,-26,-369,32767,32767,32767
169370,597,-85,850,309,-212,-570,32767,32767,32767
169470,611,-75,864,49,-245,-463,32767,32767,32767
169570,620,-69,866,-347,-44,56,32767,32767,32767
169670,607,-72,857,-669,143,406,32767,32767,32767
169870,613,-73,786,-160,-25,-161,32767,32767,32767
169970,602,-80,844,120,-333,-26,32767,32767,32767
170070,594,-85,854,8,-302,39,32767,32767,32767
170180,586,-84,843,-210,-9,147,32767,32767,32767
170280,586,-84,836,-380,228,232,32767,32767,32767
170370,588,-88,828,-376,190,184,32767,32767,32767
170470,589,-87,833,-250,-108,27,32767,32767,32767
170570,592,-83,847,-112,-337,-134,32767,32767,32767
170670,584,-87,839,-146,-194,-144,32767,32767,32767
170770,582,-92,833,-165,-7,-169,32767,32767,32767
170870,590,-84,842,-349,224,-64,32767,32767,32767
170970,586,-94,822,-439,114,-36,32767,32767,32767
171070,603,-77,824,-231,-185,-114,32767,32767,32767
171170,606,-73,847,-205,-194,127,32767,32767,32767
171270,586,-90,837,-138,-172,115,32767,32767,32767
171370,585,-82,838,-130,97,104,32767,32767,32767
171470,580,-93,824,-211,155,117,32767,32767,32767
171570,591,-89,836,-176,-33,25,32767,32767,32767
171670,590,-87,842,-240,-194,-2,32767,32767,32767
171770,579,-86,827,-312,-173,-1,32767,32767,32767
171870,575,-91,824,-226,-124,-97,32767,32767,32767
171970,593,-81,845,-193,16,-131,32767,32767,32767
172070,598,-84,842,-313,184,-34,32767,32767,32767
172170,600,-85,831,-349,-18,26,32767,32767,32767
172270,576,-97,806,-156,-220,-66,32767,32767,32767
172370,586,-84,832,-156,-232,-44,32767,32767,32767
172470,601,-77,856,-204,-17,9,32767,32767,32767
172570,583,-85,824,-274,163,76,32767,32767,32767
172670,597,-87,835,-231,148,54,32767,32767,32767
172770,588,-89,823,-197,-117,25,32767,32767,32767
172870,590,-89,835,-178,-300,-10,32767,32767,32767
172970,583,-85,828,-195,-186,4,32767,32767,32767
173070,585,-85,833,-194,38,29,32767,32767,32767
173170,589,-87,834,-210,164,50,32767,32767,32767
173280,605,-83,850,-253,92,73,32767,32767,32767
173380,591,-88,830,-195,-172,0,32767,32767,32767
173470,589,-84,838,-240,-266,7,32767,32767,32767
173570,583,-89,829,-243,-125,16,32767,32767,32767
173670,587,-86,835,-180,43,-14,32767,32767,32767
173770,591,-86,836,-216,154,12,32767,32767,32767
173870,595,-88,834,-224,42,-6,32767,32767,32767
173970,596,-85,840,-259,-155,-15,32767,32767,32767
174070,586,-87,830,-279,-223,-11,32767,32767,32767
174170,584,-85,829,-223,-134,-34,32767,32767,32767
174270,588,-85,832,-218,70,-6,32767,32767,32767
174370,593,-86,835,-188,123,-11,32767,32767,32767
174470,598,-84,839,-229,27,11,32767,32767,32767
174570,591,-87,831,-263,-142,16,32767,32767,32767
174670,587,-87,832,-230,-222,-15,32767,32767,32767
174770,588,-84,836,-235,-96,5,32767,32767,32767
174870,588,-86,831,-216,64,16,32767,32767,32767
174970,609,-71,859,-232,177,50,32767,32767,32767
175070,589,-93,825,-191,-36,-2,32767,32767,32767
175170,599,-87,851,-72,-286,-138,32767,32767,32767
175270,614,-67,876,-345,-72,45,32767,32767,32767
175370,566,-100,797,-410,45,97,32767,32767,32767
175470,574,-94,806,-147,-15,-76,32767,32767,32767
175570,594,-81,836,-131,21,-58,32767,32767,32767
175670,601,-83,842,-216,32,17,32767,32767,32767
175770,600,-82,850,-204,-131,-4,32767,32767,32767
175870,593,-83,843,-279,-132,35,32767,32767,32767
175970,583,-87,825,-260,-78,22,32767,32767,32767
176070,583,-86,825,-215,9,5,32767,32767,32767
176170,591,-83,833,-191,13,3,32767,32767,32767
176280,595,-82,835,-227,-56,31,32767,32767,32767
176380,582,-102,821,-259,-198,51,32767,32767,32767
176480,568,-93,800,-272,-51,89,32767,32767,32767
176570,577,-92,815,-164,-83,12,32767,32767,32767
176670,590,-84,838,-209,5,43,32767,32767,32767
176770,580,-91,819,-185,25,16,32767,32767,32767
176870,596,-83,844,-199,-83,-3,32767,32767,32767
176970,589,-88,834,-266,-61,23,32767,32767,32767
177070,592,-82,841,-209,-103,-33,32767,32767,32767
177170,590,-89,838,-228,-12,-17,32767,32767,32767
