time_boot_ms,q1,q2,q3,q4,rollspeed,pitchspeed,yawspeed
0,-0.010306891985238,0.058170884847641,-0.731464743614197,0.676986455917358,0,0,0
0,-0.010971738956869,0.058897253125906,-0.731359899044037,0.677026689052582,0,0,0
0,-0.011783736757934,0.059683848172426,-0.731576383113861,0.676710784435272,0,0,0
0,-0.012471354566515,0.060161326080561,-0.731433987617493,0.676809847354889,0,0,0
0,-0.013397850096226,0.060820117592812,-0.731581449508667,0.676573395729065,0,0,0
0,-0.014118859544396,0.061066634953022,-0.73174524307251,0.67635977268219,0,0,0
0,-0.014439785853028,0.061778388917446,-0.731531858444214,0.676519215106964,0,0,0
0,-0.015204005874693,0.06248514726758,-0.731660068035126,0.676299095153809,0,0,0
0,-0.015854470431805,0.063606567680836,-0.731943190097809,0.675872504711151,0,0,0
0,-0.01629146002233,0.064555570483208,-0.731997013092041,0.675714015960693,0,0,0
0,-0.016924075782299,0.065519280731678,-0.732016623020172,0.675584256649017,0,0,0
0,-0.017886044457555,0.066268585622311,-0.732182145118713,0.675307273864746,0,0,0
0,-0.01846706867218,0.067035503685474,-0.732040703296661,0.675369560718536,0,0,0
0,-0.018831102177501,0.06784825026989,-0.732205033302307,0.675099730491638,0,0,0
0,-0.019325703382492,0.068381763994694,-0.732095539569855,0.6751509308815,0,0,0
0,-0.01985595934093,0.069289155304432,-0.73235547542572,0.674760699272156,0,0,0
0,-0.020461685955525,0.069880187511444,-0.732424855232239,0.674606323242188,0,0,0
0,-0.020049214363098,0.071546748280525,-0.732334077358246,0.674542486667633,0,0,0
0,-0.02116845920682,0.071717984974384,-0.732787787914276,0.673997163772583,0,0,0
0,-0.021601287648082,0.072590693831444,-0.732712030410767,0.673971891403198,0,0,0
0,-0.02214133925736,0.072813354432583,-0.732581794261932,0.674071848392487,0,0,0
0,-0.022598067298532,0.073040574789047,-0.732701301574707,0.673902988433838,0,0,0
0,-0.022823439911008,0.073290288448334,-0.732958436012268,0.673588216304779,0,0,0
0,-0.023366173729301,0.073432728648186,-0.733025550842285,0.673481106758118,0,0,0
0,-0.023737950250506,0.073916345834732,-0.733229994773865,0.673192977905273,0,0,0
0,-0.023950370028615,0.074491381645203,-0.733396112918854,0.672940731048584,0,0,0
0,-0.024094235152006,0.074874825775623,-0.733584046363831,0.672687351703644,0,0,0
0,-0.024656577035785,0.075389385223389,-0.733608365058899,0.672583520412445,0,0,0
0,-0.02539080567658,0.075953081250191,-0.733396947383881,0.672723412513733,0,0,0
0,-0.025744488462806,0.076483614742756,-0.733785390853882,0.672226369380951,0,0,0
0,-0.026076951995492,0.076934292912483,-0.733598947525024,0.672365188598633,0,0,0
0,-0.026584219187498,0.076975412666798,-0.733841717243195,0.672075986862183,0,0,0
0,-0.027284102514386,0.077646844089031,-0.733916699886322,0.671888768672943,0,0,0
0,-0.027557769790292,0.078165277838707,-0.733788132667542,0.671957492828369,0,0,0
0,-0.02807654440403,0.078478887677193,-0.7335205078125,0.672191977500916,0,0,0
0,-0.028515797108412,0.078266389667988,-0.733870267868042,0.671816229820251,0,0,0
0,-0.028894471004605,0.07916697114706,-0.733848571777344,0.671718895435333,0,0,0
0,-0.029453400522471,0.079440325498581,-0.734161734580994,0.671319425106049,0,0,0
0,-0.029717266559601,0.080273233354092,-0.734161734580994,0.671208381652832,0,0,0
0,-0.030057027935982,0.080939970910549,-0.733709990978241,0.671607196331024,0,0,0
0,-0.030019776895642,0.081426829099655,-0.733775496482849,0.671478867530823,0,0,0
0,-0.029888581484556,0.081830874085426,-0.733808815479279,0.671398758888245,0,0,0
0,-0.030159544199705,0.08211724460125,-0.734020233154297,0.671120703220367,0,0,0
0,-0.030398145318031,0.082005925476551,-0.734199643135071,0.670927405357361,0,0,0
0,-0.030752809718251,0.082434110343456,-0.734241306781769,0.670813083648682,0,0,0
0,-0.030929064378142,0.083022236824036,-0.734138906002045,0.670844376087189,0,0,0
0,-0.03153171390295,0.083366051316261,-0.734264552593231,0.670636236667633,0,0,0
0,-0.031574331223965,0.083578899502754,-0.734465777873993,0.670387148857117,0,0,0
0,-0.031798828393221,0.08342432230711,-0.733995795249939,0.67091029882431,0,0,0
0,-0.032043922692537,0.08378117531538,-0.734392404556274,0.670419812202454,0,0,0
0,-0.032259028404951,0.084396436810494,-0.734416782855987,0.670306026935577,0,0,0
0,-0.032615445554257,0.084502249956131,-0.734315395355225,0.670386016368866,0,0,0
0,-0.03266616910696,0.084974475204945,-0.734484970569611,0.670138001441956,0,0,0
0,-0.033254634588957,0.085325427353382,-0.734599351882935,0.669939339160919,0,0,0
0,-0.033238805830479,0.085325688123703,-0.734328985214233,0.67023640871048,0,0,0
0,-0.033300086855888,0.085480116307736,-0.734418272972107,0.670115768909454,0,0,0
0,-0.03345911949873,0.085988610982895,-0.734619617462158,0.66982227563858,0,0,0
0,-0.033438749611378,0.086241163313389,-0.734736979007721,0.669661700725555,0,0,0
0,-0.033524923026562,0.08636324107647,-0.734792709350586,0.669580340385437,0,0,0
0,-0.03373134508729,0.086334630846977,-0.734863817691803,0.669496297836304,0,0,0
0,-0.033764533698559,0.086741015315056,-0.734602808952331,0.66972804069519,0,0,0
0,-0.034310884773731,0.086610727012158,-0.734873235225678,0.669419765472412,0,0,0
0,-0.034831129014492,0.086959421634674,-0.735001385211945,0.669207394123077,0,0,0
0,-0.034779645502567,0.087098643183708,-0.734751760959625,0.669466555118561,0,0,0
0,-0.035324897617102,0.087602980434895,-0.734772503376007,0.669349014759064,0,0,0
0,-0.035462167114019,0.087780505418778,-0.734912157058716,0.669164896011353,0,0,0
0,-0.036058075726032,0.088126048445702,-0.735059678554535,0.668925583362579,0,0,0
0,-0.036627493798733,0.088233038783074,-0.735386729240418,0.668521225452423,0,0,0
0,-0.036824394017458,0.088544353842735,-0.735382854938507,0.668473660945892,0,0,0
0,-0.037288159132004,0.088537268340588,-0.735413372516632,0.668415188789368,0,0,0
0,-0.038084223866463,0.08926647901535,-0.735357165336609,0.6683349609375,0,0,0
0,-0.038817629218102,0.088933803141117,-0.735036909580231,0.668688893318176,0,0,0
0,-0.039170976728201,0.089411295950413,-0.73516720533371,0.668462514877319,0,0,0
0,-0.039706163108349,0.089884951710701,-0.735411882400513,0.668097913265228,0,0,0
0,-0.040286056697369,0.090222232043743,-0.735379815101624,0.668051838874817,0,0,0
0,-0.040910679847002,0.090850755572319,-0.735156774520874,0.668174624443054,0,0,0
0,-0.04146746173501,0.091377951204777,-0.735356569290161,0.667849123477936,0,0,0
0,-0.041573289781809,0.092070125043392,-0.735653221607208,0.667419970035553,0,0,0
0,-0.042419739067555,0.092415884137154,-0.735663712024689,0.667307198047638,0,0,0
0,-0.043217808008194,0.092847287654877,-0.735733926296234,0.667119026184082,0,0,0
0,-0.043992217630148,0.093424573540688,-0.736054480075836,0.666633546352387,0,0,0
0,-0.045029670000076,0.093889519572258,-0.736117720603943,0.666428685188293,0,0,0
0,-0.045795533806086,0.094436064362526,-0.736340045928955,0.666053533554077,0,0,0
0,-0.045853961259127,0.094930954277515,-0.736742615699768,0.665533900260925,0,0,0
0,-0.046436667442322,0.095329128205776,-0.736342310905456,0.665879487991333,0,0,0
0,-0.046952433884144,0.096093997359276,-0.736306130886078,0.665773868560791,0,0,0
0,-0.047754563391209,0.097061827778816,-0.735988140106201,0.665928602218628,0,0,0
0,-0.048756692558527,0.098089478909969,-0.735955655574799,0.665741384029388,0,0,0
0,-0.049375101923943,0.098595649003983,-0.736366450786591,0.665166139602661,0,0,0
0,-0.049666862934828,0.099150255322456,-0.736265122890472,0.665173888206482,0,0,0
0,-0.050329498946667,0.099538333714008,-0.736326038837433,0.664998531341553,0,0,0
0,-0.05097396299243,0.100599467754364,-0.736623287200928,0.664460897445679,0,0,0
0,-0.050790749490261,0.100701346993446,-0.736698985099793,0.664375007152557,0,0,0
0,-0.05134692043066,0.101070441305637,-0.736801147460938,0.664161860942841,0,0,0
0,-0.051296636462212,0.101192675530911,-0.736669480800629,0.664293646812439,0,0,0
0,-0.051546078175306,0.101837635040283,-0.736677825450897,0.664167106151581,0,0,0
0,-0.052127990871668,0.102180726826191,-0.736856520175934,0.663870513439178,0,0,0
0,-0.052477091550827,0.10273764282465,-0.736989974975586,0.663608729839325,0,0,0
0,-0.052622869610787,0.102814897894859,-0.736823976039887,0.663769245147705,0,0,0
0,-0.053379949182272,0.103074692189693,-0.736774504184723,0.663723587989807,0,0,0
0,-0.053710103034973,0.103490225970745,-0.736767709255219,0.663640558719635,0,0,0
0,-0.054270755499601,0.103738538920879,-0.736908793449402,0.663399338722229,0,0,0
0,-0.054528422653675,0.10405782610178,-0.736975014209747,0.663254261016846,0,0,0
0,-0.054999962449074,0.103834144771099,-0.736923217773438,0.663307905197144,0,0,0
0,-0.054526157677174,0.104038886725903,-0.736805260181427,0.663445949554443,0,0,0
0,-0.054174780845642,0.104141801595688,-0.73669958114624,0.663576424121857,0,0,0
0,-0.053846050053835,0.104423522949219,-0.736562788486481,0.663710236549377,0,0,0
0,-0.05296029150486,0.10484291613102,-0.73666512966156,0.663601756095886,0,0,0
0,-0.052794851362705,0.104461751878262,-0.736523807048798,0.663832187652588,0,0,0
0,-0.052641026675701,0.104157283902168,-0.736174762248993,0.6642786860466,0,0,0
0,-0.052796557545662,0.10434490442276,-0.736080944538116,0.664341509342194,0,0,0
0,-0.052509244531393,0.104392245411873,-0.736229240894318,0.664193332195282,0,0,0
0,-0.052745576947928,0.104404352605343,-0.736173212528229,0.664233982563019,0,0,0
0,-0.052816689014435,0.104339510202408,-0.736192166805267,0.664217829704285,0,0,0
0,-0.052813790738583,0.104135803878307,-0.736470520496368,0.663941144943237,0,0,0
0,-0.053233504295349,0.103612072765827,-0.736625075340271,0.663817882537842,0,0,0
0,-0.052766542881727,0.103266358375549,-0.736604928970337,0.663931787014008,0,0,0
0,-0.052849158644676,0.103324271738529,-0.736327648162842,0.664222955703735,0,0,0
0,-0.052624944597483,0.103416204452515,-0.736409664154053,0.664136707782745,0,0,0
0,-0.052649408578873,0.103421308100224,-0.736203491687775,0.664361774921417,0,0,0
0,-0.052238561213017,0.103349126875401,-0.735990226268768,0.664641439914703,0,0,0
0,-0.052315372973681,0.104032501578331,-0.735783517360687,0.664757609367371,0,0,0
0,-0.052648436278105,0.104178182780743,-0.735600352287293,0.664911508560181,0,0,0
0,-0.052480410784483,0.104127153754234,-0.735851168632507,0.66465550661087,0,0,0
0,-0.052922360599041,0.104030683636665,-0.736006438732147,0.664463698863983,0,0,0
0,-0.052830386906862,0.104109056293964,-0.736046135425568,0.664414286613464,0,0,0
0,-0.052544873207808,0.103937208652496,-0.736225783824921,0.664265096187592,0,0,0
0,-0.052556354552507,0.10370846092701,-0.736148536205292,0.664385259151459,0,0,0
0,-0.05470147356391,0.103506788611412,-0.736829459667206,0.66348785161972,0,0,0
0,-0.054831884801388,0.103989519178867,-0.73693323135376,0.663285851478577,0,0,0
0,-0.054962269961834,0.104172348976135,-0.736977756023407,0.663197696208954,0,0,0
0,-0.055342089384794,0.104554086923599,-0.736946821212769,0.663139462471008,0,0,0
0,-0.055923100560904,0.104550294578075,-0.737078726291657,0.66294527053833,0,0,0
0,-0.056032367050648,0.104816310107708,-0.73723429441452,0.662720918655396,0,0,0
0,-0.05612138286233,0.104833386838436,-0.737143099308014,0.662811756134033,0,0,0
0,-0.055989023298025,0.104869462549686,-0.73707526922226,0.662892997264862,0,0,0
0,-0.056318964809179,0.104924760758877,-0.737041473388672,0.662894129753113,0,0,0
0,-0.056070875376463,0.105021357536316,-0.737174391746521,0.662752091884613,0,0,0
0,-0.056346263736487,0.104968197643757,-0.737370610237122,0.662518441677094,0,0,0
0,-0.056941516697407,0.104839250445366,-0.737575352191925,0.662260174751282,0,0,0
0,-0.056684404611588,0.105566926300526,-0.737716495990753,0.662009239196777,0,0,0
0,-0.056540735065937,0.105631723999977,-0.737813949584961,0.661902368068695,0,0,0
0,-0.056945987045765,0.106003865599632,-0.737673282623291,0.661964535713196,0,0,0
0,-0.057027362287045,0.106098480522633,-0.737666785717011,0.661950349807739,0,0,0
0,-0.05759697034955,0.106292441487312,-0.737707793712616,0.661823570728302,0,0,0
0,-0.057756774127483,0.106241717934608,-0.73742538690567,0.662133038043976,0,0,0
0,-0.057926964014769,0.106339499354362,-0.73735374212265,0.662182748317719,0,0,0
0,-0.057896137237549,0.106674171984196,-0.737352073192596,0.662132680416107,0,0,0
0,-0.057762760668993,0.106742367148399,-0.737243413925171,0.662254750728607,0,0,0
0,-0.05775598809123,0.106943011283875,-0.737304329872131,0.66215455532074,0,0,0
0,-0.057955235242844,0.107732705771923,-0.737005472183228,0.662341892719269,0,0,0
0,-0.057752251625061,0.10799153149128,-0.737100064754486,0.662212371826172,0,0,0
0,-0.057697370648384,0.108499832451344,-0.736976683139801,0.662271499633789,0,0,0
0,-0.057888701558113,0.10896310210228,-0.737024426460266,0.662125051021576,0,0,0
0,-0.058146022260189,0.109290413558483,-0.737177312374115,0.661878407001495,0,0,0
0,-0.058488573879004,0.109341166913509,-0.737364053726196,0.661631941795349,0,0,0
0,-0.058692242950201,0.109444715082645,-0.737391412258148,0.661565721035004,0,0,0
0,-0.059012249112129,0.109494708478451,-0.737397253513336,0.661522507667542,0,0,0
0,-0.059349481016398,0.109682232141495,-0.737192392349243,0.661689400672913,0,0,0
0,-0.059719245880842,0.110096715390682,-0.737273097038269,0.66149777173996,0,0,0
0,-0.059716146439314,0.110328003764153,-0.737225830554962,0.66151225566864,0,0,0
0,-0.05968077108264,0.110405452549458,-0.737206399440765,0.66152411699295,0,0,0
0,-0.05917763337493,0.111262127757072,-0.737049698829651,0.661599814891815,0,0,0
0,-0.059351351112127,0.111283481121063,-0.737145662307739,0.661474645137787,0,0,0
0,-0.059483367949724,0.111561268568039,-0.737127900123596,0.661435604095459,0,0,0
0,-0.059666026383638,0.111494392156601,-0.73701149225235,0.661560237407684,0,0,0
0,-0.059571694582701,0.111700132489204,-0.736911475658417,0.661645293235779,0,0,0
0,-0.059707142412663,0.111819230020046,-0.736990213394165,0.661525905132294,0,0,0
0,-0.059703208506107,0.11187706142664,-0.737191736698151,0.66129195690155,0,0,0
0,-0.059628386050463,0.111824683845043,-0.737417459487915,0.661054909229279,0,0,0
0,-0.059659481048584,0.111977741122246,-0.737432897090912,0.661008656024933,0,0,0
0,-0.059730228036642,0.111943416297436,-0.737386524677277,0.661060094833374,0,0,0
0,-0.05987286567688,0.112004838883877,-0.737307608127594,0.661125123500824,0,0,0
0,-0.059637971222401,0.112075991928577,-0.737093806266785,0.661373019218445,0,0,0
0,-0.059336826205254,0.112214632332325,-0.73685896396637,0.661637783050537,0,0,0
0,-0.059968885034323,0.112221650779247,-0.736855864524841,0.661583125591278,0,0,0
0,-0.06012598797679,0.112318463623524,-0.736900508403778,0.661502718925476,0,0,0
0,-0.059982087463141,0.112568251788616,-0.736996173858643,0.661367177963257,0,0,0
0,-0.059910636395216,0.112947590649128,-0.737093806266785,0.661199271678925,0,0,0
0,-0.060019820928574,0.112818710505962,-0.737046897411346,0.661263823509216,0,0,0
0,-0.058520086109638,0.113981634378433,-0.736191332340241,0.662150084972382,0,0,0
0,-0.008301989175379,0.155195191502571,-0.693926513195038,0.70088005065918,0,0,0
0,-0.112906701862812,0.129734411835671,-0.759971499443054,0.62435382604599,0,0,0
0,-0.156747683882713,0.157545670866966,-0.755858421325684,0.613329231739044,0,0,0
0,-0.156871274113655,0.166262492537499,-0.746715426445007,0.622040390968323,0,0,0
0,-0.089044570922852,0.229729682207108,-0.710514008998871,0.656971514225006,0,0,0
0,-0.103170044720173,0.213437274098396,-0.72375875711441,0.645587027072907,0,0,0
0,-0.104981981217861,0.208743214607239,-0.725933372974396,0.644390523433685,0,0,0
0,-0.106732405722141,0.203827455639839,-0.727760255336762,0.643618881702423,0,0,0
0,-0.108043432235718,0.1988725066185,-0.729475021362305,0.643010497093201,0,0,0
0,-0.109525941312313,0.194829151034355,-0.730603575706482,0.642718315124512,0,0,0
0,-0.110684804618359,0.191225439310074,-0.731388449668884,0.642710864543915,0,0,0
0,-0.111722841858864,0.187916964292526,-0.732154309749603,0.642636775970459,0,0,0
0,-0.112514890730381,0.184707745909691,-0.732871830463409,0.642611801624298,0,0,0
0,-0.112985514104366,0.181734204292297,-0.733421266078949,0.642751276493073,0,0,0
0,-0.112852893769741,0.179626017808914,-0.733469963073731,0.643312931060791,0,0,0
0,-0.111352041363716,0.179291635751724,-0.73270857334137,0.644533574581146,0,0,0
0,-0.11109633743763,0.173503145575523,-0.733483672142029,0.645281255245209,0,0,0
0,-0.110669836401939,0.171253815293312,-0.733733355998993,0.64567232131958,0,0,0
0,-0.110551029443741,0.169708788394928,-0.73395186662674,0.645853102207184,0,0,0
0,-0.11016009747982,0.168192878365517,-0.734384059906006,0.645824730396271,0,0,0
0,-0.109684258699417,0.166503489017487,-0.734457135200501,0.646260619163513,0,0,0
0,-0.108943931758404,0.16503219306469,-0.734831213951111,0.646337926387787,0,0,0
0,-0.108482383191586,0.163449972867966,-0.735184252262116,0.646416366100311,0,0,0
0,-0.108053803443909,0.162075579166412,-0.735103070735931,0.646926283836365,0,0,0
0,-0.107756167650223,0.160910561680794,-0.735416173934937,0.64691036939621,0,0,0
0,-0.107966706156731,0.159601956605911,-0.735556602478027,0.647040724754334,0,0,0
0,-0.107272811233997,0.158674046397209,-0.735680222511292,0.647243440151215,0,0,0
0,-0.106827594339848,0.157700404524803,-0.735958814620972,0.647238492965698,0,0,0
0,-0.10635831207037,0.156663551926613,-0.736179649829865,0.64731639623642,0,0,0
0,-0.105489410459995,0.155747786164284,-0.736259341239929,0.647588610649109,0,0,0
0,-0.105011582374573,0.154800236225128,-0.73643970489502,0.647689282894135,0,0,0
0,-0.104364670813084,0.154050752520561,-0.736849784851074,0.647505044937134,0,0,0
0,-0.103599645197392,0.152952924370766,-0.737130284309387,0.647569239139557,0,0,0
0,-0.102664284408093,0.151763871312141,-0.737133979797363,0.647993147373199,0,0,0
0,-0.102211572229862,0.15107125043869,-0.7372185587883,0.648130536079407,0,0,0
0,-0.101345174014568,0.150471851229668,-0.737495362758637,0.648091554641724,0,0,0
0,-0.101110316812992,0.149959415197372,-0.737383544445038,0.648373126983643,0,0,0
0,-0.100822016596794,0.149531498551369,-0.737472474575043,0.648416101932526,0,0,0
0,-0.100096330046654,0.148922204971314,-0.737330973148346,0.648829817771912,0,0,0
0,-0.099448829889298,0.148388862609863,-0.737208485603333,0.649191379547119,0,0,0
0,-0.094246476888657,0.153816476464272,-0.73462450504303,0.651628971099854,0,0,0
0,-0.092311643064022,0.153602704405785,-0.733028709888458,0.653750061988831,0,0,0
0,-0.088295057415962,0.156066820025444,-0.732190012931824,0.65466171503067,0,0,0
0,-0.09205524623394,0.152389824390411,-0.733375072479248,0.653682827949524,0,0,0
0,-0.09436995536089,0.149740964174271,-0.735993385314941,0.651014029979706,0,0,0
0,-0.0994888022542,0.144904673099518,-0.735448718070984,0.651964128017426,0,0,0
0,-0.099238686263561,0.144032850861549,-0.73621141910553,0.65133410692215,0,0,0
0,-0.098740413784981,0.143563166260719,-0.736602127552033,0.651071548461914,0,0,0
0,-0.097838252782822,0.14399653673172,-0.736790478229523,0.65089738368988,0,0,0
0,-0.097365625202656,0.143382906913757,-0.737143635749817,0.650703966617584,0,0,0
0,-0.097015507519245,0.143161967396736,-0.737171709537506,0.650772571563721,0,0,0
0,-0.096488311886787,0.142615810036659,-0.737136423587799,0.651010811328888,0,0,0
0,-0.095784708857536,0.142431989312172,-0.737129747867584,0.651162981987,0,0,0
0,-0.094884410500527,0.141820907592773,-0.737435162067413,0.651082277297974,0,0,0
0,-0.092510133981705,0.140688687562943,-0.737452507019043,0.65164977312088,0,0,0
0,-0.092059336602688,0.140659853816032,-0.737352073192596,0.651833236217499,0,0,0
0,-0.091293133795261,0.140311926603317,-0.737379252910614,0.651985704898834,0,0,0
0,-0.090808868408203,0.140128046274185,-0.737458109855652,0.652003586292267,0,0,0
0,-0.091023042798042,0.139700248837471,-0.737774729728699,0.651706874370575,0,0,0
0,-0.090566001832485,0.139439642429352,-0.737922430038452,0.65165901184082,0,0,0
0,-0.090477779507637,0.138584673404694,-0.737573683261871,0.652248740196228,0,0,0
0,-0.090169422328472,0.13819245994091,-0.737598240375519,0.652346789836883,0,0,0
0,-0.089198917150498,0.137971386313438,-0.737607300281525,0.652516663074493,0,0,0
0,-0.089086897671223,0.137400552630425,-0.737725853919983,0.652518451213837,0,0,0
0,-0.08869831264019,0.136505916714668,-0.737881124019623,0.6525838971138,0,0,0
0,-0.087787486612797,0.136625051498413,-0.737541675567627,0.653065383434296,0,0,0
0,-0.087289683520794,0.135297209024429,-0.737856805324554,0.653051793575287,0,0,0
0,-0.086235091090202,0.134966522455215,-0.737868249416351,0.653248369693756,0,0,0
0,-0.085845656692982,0.134366318583488,-0.738084495067596,0.653179287910461,0,0,0
0,-0.085327498614788,0.133565351366997,-0.738156974315643,0.6533282995224,0,0,0
0,-0.084472678601742,0.133369460701942,-0.737970232963562,0.653691112995148,0,0,0
0,-0.08398725092411,0.133199617266655,-0.737733960151672,0.654055118560791,0,0,0
0,-0.08381799608469,0.13240858912468,-0.738078594207764,0.653848230838776,0,0,0
0,-0.083146192133427,0.131611466407776,-0.738057196140289,0.654118716716766,0,0,0
0,-0.082717321813107,0.130725786089897,-0.738175094127655,0.654217064380646,0,0,0
0,-0.08207169175148,0.130565166473389,-0.737970411777496,0.65456223487854,0,0,0
0,-0.081300191581249,0.129632398486137,-0.738028228282928,0.654778599739075,0,0,0
0,-0.080441772937775,0.128622815012932,-0.737715005874634,0.655437111854553,0,0,0
0,-0.079188451170921,0.128088086843491,-0.737523555755615,0.655909717082977,0,0,0
0,-0.078777767717838,0.12763524055481,-0.737593173980713,0.655969679355621,0,0,0
0,-0.077648386359215,0.12714858353138,-0.737421870231628,0.656391322612762,0,0,0
0,-0.07599376142025,0.126674935221672,-0.737482666969299,0.656607329845428,0,0,0
0,-0.075453452765942,0.125856086611748,-0.737361788749695,0.656962811946869,0,0,0
0,-0.074252814054489,0.124847918748856,-0.73731917142868,0.657340228557587,0,0,0
0,-0.073384389281273,0.124254949390888,-0.737249732017517,0.657627284526825,0,0,0
0,-0.072632052004337,0.123253889381886,-0.737357676029205,0.657778978347778,0,0,0
0,-0.071786642074585,0.122532196342945,-0.737281918525696,0.658090770244598,0,0,0
0,-0.070995703339577,0.121796645224094,-0.737339317798615,0.658249795436859,0,0,0
0,-0.070212580263615,0.120871193706989,-0.737258493900299,0.658595383167267,0,0,0
0,-0.069714061915875,0.12029417604208,-0.737324893474579,0.658678948879242,0,0,0
0,-0.069124139845371,0.119973868131638,-0.736805379390717,0.659379780292511,0,0,0
0,-0.068616673350334,0.119233101606369,-0.736813485622406,0.659558773040772,0,0,0
0,-0.068025335669518,0.118169195950031,-0.73705244064331,0.659544289112091,0,0,0
0,-0.067953281104565,0.116996116936207,-0.737376213073731,0.659398674964905,0,0,0
0,-0.067665681242943,0.116942346096039,-0.737282931804657,0.659542560577393,0,0,0
0,-0.066898070275784,0.116304285824299,-0.737064361572266,0.659977495670319,0,0,0
0,-0.066122747957707,0.11564015597105,-0.737120032310486,0.660110831260681,0,0,0
0,-0.06539660692215,0.115756966173649,-0.73701685667038,0.660277843475342,0,0,0
0,-0.065070405602455,0.11529952287674,-0.736953973770142,0.660460591316223,0,0,0
0,-0.064501643180847,0.114931330084801,-0.736955165863037,0.660578787326813,0,0,0
0,-0.064020708203316,0.114346861839294,-0.737021803855896,0.660653054714203,0,0,0
0,-0.063343212008476,0.113869234919548,-0.736935555934906,0.660896599292755,0,0,0
0,-0.062818013131619,0.11380523443222,-0.737067401409149,0.660810887813568,0,0,0
0,-0.062552772462368,0.113828048110008,-0.736931145191193,0.660983443260193,0,0,0
0,-0.061832945793867,0.113348439335823,-0.73729395866394,0.660728394985199,0,0,0
0,-0.061222139745951,0.113017447292805,-0.737256467342377,0.660884499549866,0,0,0
0,-0.060834303498268,0.112336732447147,-0.73713219165802,0.661174535751343,0,0,0
0,-0.060608178377152,0.111981764435768,-0.736995041370392,0.661409258842468,0,0,0
0,-0.060603592544794,0.111499093472958,-0.737045228481293,0.661434710025787,0,0,0
0,-0.060246873646975,0.11115039139986,-0.736935377120972,0.661649167537689,0,0,0
0,-0.060001518577337,0.110792256891727,-0.736908793449402,0.661760807037354,0,0,0
0,-0.059368010610342,0.110251232981682,-0.736983954906464,0.661825001239777,0,0,0
0,-0.05918737873435,0.110211595892906,-0.736594676971435,0.662280440330505,0,0,0
0,-0.058840870857239,0.11005076020956,-0.73681104183197,0.662097811698914,0,0,0
0,-0.05885623395443,0.109887085855007,-0.736555397510529,0.662407517433167,0,0,0
0,-0.05863631144166,0.109948836266994,-0.736585736274719,0.662383913993835,0,0,0
0,-0.058409456163645,0.109911620616913,-0.736265778541565,0.662765562534332,0,0,0
0,-0.058608628809452,0.10986553132534,-0.736441493034363,0.662560760974884,0,0,0
0,-0.058282237499952,0.110235914587975,-0.736327648162842,0.662654519081116,0,0,0
0,-0.058119215071201,0.110230565071106,-0.736387670040131,0.662602484226227,0,0,0
0,-0.058265250176191,0.110386304557323,-0.736430585384369,0.662516474723816,0,0,0
0,-0.058221500366926,0.110485568642616,-0.736496031284332,0.662431061267853,0,0,0
0,-0.057977885007858,0.110776491463184,-0.736447215080261,0.662457764148712,0,0,0
0,-0.058093946427107,0.11035094410181,-0.736591696739197,0.662357747554779,0,0,0
0,-0.058065440505743,0.109899260103703,-0.736605882644653,0.662420153617859,0,0,0
0,-0.057863131165505,0.110023558139801,-0.736551225185394,0.662478029727936,0,0,0
0,-0.057573579251766,0.110086850821972,-0.736572742462158,0.662467956542969,0,0,0
0,-0.057421088218689,0.109766766428947,-0.736438035964966,0.662684082984924,0,0,0
0,-0.057445283979178,0.109621047973633,-0.736691117286682,0.662424504756928,0,0,0
0,-0.05729178711772,0.109812006354332,-0.736549735069275,0.662563979625702,0,0,0
0,-0.057060714811087,0.109631091356277,-0.736427366733551,0.662749588489533,0,0,0
0,-0.056879416108132,0.109309688210487,-0.736688613891602,0.662528455257416,0,0,0
0,-0.056417919695377,0.109242171049118,-0.736552715301514,0.662729799747467,0,0,0
0,-0.056263949722052,0.108871482312679,-0.73654168844223,0.662816047668457,0,0,0
0,-0.055936571210623,0.108637161552906,-0.736847102642059,0.66254323720932,0,0,0
0,-0.055701974779368,0.10856269299984,-0.737007141113281,0.662396311759949,0,0,0
0,-0.055750954896212,0.108128122985363,-0.737029492855072,0.662438750267029,0,0,0
0,-0.055503159761429,0.107867956161499,-0.736997663974762,0.662537038326263,0,0,0
0,-0.055780280381441,0.107565656304359,-0.736923396587372,0.662645578384399,0,0,0
0,-0.056019969284535,0.106768034398556,-0.736903727054596,0.662776947021484,0,0,0
0,-0.056041307747364,0.10700149089098,-0.736893355846405,0.662748754024506,0,0,0
0,-0.055966801941395,0.106967113912106,-0.736922144889831,0.662727892398834,0,0,0
0,-0.055857855826616,0.107089705765247,-0.736821055412293,0.662829995155335,0,0,0
0,-0.0559904538095,0.10693521797657,-0.736818015575409,0.662847816944122,0,0,0
0,-0.056082040071488,0.106387101113796,-0.73714405298233,0.662565588951111,0,0,0
0,-0.055754344910383,0.106440402567387,-0.737308979034424,0.662400841712952,0,0,0
0,-0.056052215397358,0.1063496991992,-0.737436175346375,0.662247717380524,0,0,0
0,-0.056345783174038,0.105992063879967,-0.737528085708618,0.662178575992584,0,0,0
0,-0.056372474879027,0.105835013091564,-0.737583041191101,0.662139654159546,0,0,0
0,-0.056832406669855,0.105802074074745,-0.737665235996246,0.662013947963715,0,0,0
0,-0.057341486215592,0.106236137449741,-0.737720608711243,0.661838710308075,0,0,0
0,-0.057232029736042,0.107161432504654,-0.737571060657501,0.661866426467896,0,0,0
0,-0.057631134986878,0.106477797031403,-0.737866103649139,0.661612629890442,0,0,0
0,-0.057498432695866,0.106656260788441,-0.737898647785187,0.66155880689621,0,0,0
0,-0.057924598455429,0.107062101364136,-0.737783253192902,0.661584615707397,0,0,0
0,-0.058274786919355,0.107144184410572,-0.737947225570679,0.661358714103699,0,0,0
0,-0.058351516723633,0.107482686638832,-0.738024234771729,0.661210894584656,0,0,0
0,-0.058453015983105,0.107526183128357,-0.738185942173004,0.661014020442963,0,0,0
0,-0.058732874691486,0.107830680906773,-0.738222181797028,0.660898447036743,0,0,0
0,-0.058530848473311,0.107856087386608,-0.738033533096314,0.661123812198639,0,0,0
0,-0.058646596968174,0.108077101409435,-0.738131821155548,0.660967350006104,0,0,0
0,-0.058862313628197,0.108397759497166,-0.738162398338318,0.660860419273376,0,0,0
0,-0.058997835963965,0.108511701226234,-0.738004505634308,0.661004781723022,0,0,0
0,-0.058945454657078,0.109211377799511,-0.73771470785141,0.661219894886017,0,0,0
0,-0.05972320958972,0.109175249934196,-0.737934410572052,0.660910069942474,0,0,0
0,-0.059821303933859,0.109287142753601,-0.73783266544342,0.660997331142426,0,0,0
0,-0.060423351824284,0.109496034681797,-0.737934768199921,0.66079443693161,0,0,0
0,-0.060751505196095,0.110007539391518,-0.738046407699585,0.660553097724915,0,0,0
0,-0.060647681355476,0.110123850405216,-0.738146662712097,0.660432457923889,0,0,0
0,-0.060446415096521,0.110574811697006,-0.738378524780273,0.66011518239975,0,0,0
0,-0.060915116220713,0.11101970821619,-0.738331079483032,0.660049974918366,0,0,0
0,-0.061253141611815,0.111351162195206,-0.738142609596252,0.660174190998077,0,0,0
0,-0.061435155570507,0.111225478351116,-0.738014817237854,0.660322248935699,0,0,0
0,-0.061614014208317,0.111633069813252,-0.738068521022797,0.660176217556,0,0,0
0,-0.060917153954506,0.112535715103149,-0.737658679485321,0.660545587539673,0,0,0
0,-0.061600808054209,0.112553499639034,-0.737887740135193,0.660223662853241,0,0,0
0,-0.06178018450737,0.11264656484127,-0.737940967082977,0.660131335258484,0,0,0
0,-0.062067583203316,0.112628757953644,-0.738100647926331,0.659927725791931,0,0,0
0,-0.062062405049801,0.112440519034863,-0.738087117671967,0.659976720809937,0,0,0
0,-0.062648057937622,0.112601190805435,-0.738042294979095,0.659943819046021,0,0,0
0,-0.062558390200138,0.112483099102974,-0.73821234703064,0.65978193283081,0,0,0
0,-0.063231505453587,0.112718798220158,-0.738274157047272,0.659608364105225,0,0,0
0,-0.063091926276684,0.112706892192364,-0.738384127616882,0.659501135349274,0,0,0
0,-0.063636273145676,0.112618394196033,-0.738517343997955,0.659314095973969,0,0,0
0,-0.063668854534626,0.113204404711723,-0.738317728042603,0.65943443775177,0,0,0
0,-0.063774056732655,0.1137635409832,-0.738250136375427,0.659403502941132,0,0,0
0,-0.063617937266827,0.113981656730175,-0.738057434558868,0.659596741199493,0,0,0
0,-0.063930332660675,0.11453765630722,-0.737966239452362,0.659572541713715,0,0,0
0,-0.063857167959213,0.114614263176918,-0.737922072410584,0.659615218639374,0,0,0
0,-0.063504420220852,0.114826694130898,-0.737946569919586,0.659585356712341,0,0,0
0,-0.063377156853676,0.114788666367531,-0.738034665584564,0.659505486488342,0,0,0
0,-0.063465595245361,0.114803642034531,-0.738043785095215,0.659484386444092,0,0,0
0,-0.063307546079159,0.114597097039223,-0.737997114658356,0.659586727619171,0,0,0
0,-0.063396625220776,0.114811889827251,-0.737802624702454,0.659759163856506,0,0,0
0,-0.064011178910732,0.114880323410034,-0.737747013568878,0.659750401973724,0,0,0
0,-0.064539916813374,0.11495491117239,-0.737881600856781,0.659534811973572,0,0,0
0,-0.065230287611485,0.115377306938171,-0.738007426261902,0.659251689910889,0,0,0
0,-0.065902918577194,0.115548431873322,-0.737939536571503,0.659231901168823,0,0,0
0,-0.066592060029507,0.1153814047575,-0.73794686794281,0.65918231010437,0,0,0
0,-0.067069068551064,0.116195723414421,-0.737715423107147,0.659250855445862,0,0,0
0,-0.066880568861961,0.116627126932144,-0.737781405448914,0.659120202064514,0,0,0
0,-0.067361399531365,0.117379531264305,-0.737915635108948,0.658786773681641,0,0,0
0,-0.06763019412756,0.117663651704788,-0.737858414649963,0.658773362636566,0,0,0
0,-0.067663244903088,0.117655046284199,-0.737959086894989,0.658658564090729,0,0,0
0,-0.068428553640843,0.117702461779118,-0.738242387771606,0.658252954483032,0,0,0
0,-0.069271087646484,0.118143104016781,-0.738215923309326,0.658115148544312,0,0,0
0,-0.069192230701447,0.118591301143169,-0.73796159029007,0.658328473567963,0,0,0
0,-0.070097073912621,0.118146747350693,-0.737840354442596,0.658449470996857,0,0,0
0,-0.069846019148827,0.118933483958244,-0.737649261951447,0.658548176288605,0,0,0
0,-0.070633381605148,0.118758887052536,-0.737682342529297,0.658458471298218,0,0,0
0,-0.070292770862579,0.119070917367935,-0.737613379955292,0.658516764640808,0,0,0
0,-0.070310421288014,0.119182869791985,-0.737464070320129,0.658661067485809,0,0,0
0,-0.070035345852375,0.119304403662682,-0.73745983839035,0.658673465251923,0,0,0
0,-0.070002853870392,0.119391143321991,-0.737248241901398,0.658897936344147,0,0,0
0,-0.069314770400524,0.119280435144901,-0.737143874168396,0.65910804271698,0,0,0
0,-0.068626560270786,0.119368553161621,-0.736896574497223,0.659440517425537,0,0,0
0,-0.068083189427853,0.119396045804024,-0.736836910247803,0.659558415412903,0,0,0
0,-0.069112449884415,0.117925949394703,-0.737464964389801,0.659013390541077,0,0,0
0,0.419224381446838,-0.028946096077561,-0.784564733505249,0.455389589071274,0,0,0
0,-0.24260738492012,-0.580633580684662,-0.432541191577911,0.64506721496582,0,0,0
0,-0.364178866147995,-0.559464812278748,0.141145020723343,-0.730481445789337,0,0,0
0,-0.167784348130226,0.359924554824829,0.418152183294296,0.816201627254486,0,0,0
0,0.776392638683319,-0.348321557044983,0.475644737482071,0.222090974450111,0,0,0
0,0.401931136846542,-0.183877915143967,-0.85062050819397,-0.283826351165771,0,0,0
0,0.349815934896469,-0.244251683354378,0.423680335283279,0.798667430877685,0,0,0
0,-0.406990319490433,-0.149547070264816,0.121388033032417,-0.892507910728455,0,0,0
0,-0.800365626811981,0.28888002038002,0.321055501699448,-0.413231462240219,0,0,0
0,-0.846337795257568,0.434224218130112,-0.290956377983093,0.096782274544239,0,0,0
0,0.133273229002953,0.78009706735611,-0.598227143287659,0.117088720202446,0,0,0
0,0.560310363769531,0.366573363542557,-0.170038908720016,0.72082394361496,0,0,0
0,0.595258593559265,0.61653345823288,-0.391540735960007,-0.334856450557709,0,0,0
0,0.689013600349426,0.005763347726315,0.705590307712555,-0.161868870258331,0,0,0
0,0.528527915477753,0.283187627792358,0.683324038982391,-0.412978440523148,0,0,0
0,0.528527915477753,0.283187627792358,0.683324038982391,-0.412978440523148,0,0,0
0,-0.235743969678879,0.57559061050415,-0.306746512651443,-0.719383716583252,0,0,0
0,0.072737529873848,-0.333075314760208,-0.832157790660858,-0.433927118778229,0,0,0
0,-0.06439720839262,-0.482285350561142,-0.860655426979065,-0.138370037078857,0,0,0
0,0.001829911256209,-0.671687006950378,-0.725914537906647,-0.136037468910217,0,0,0
0,0.116106614470482,-0.616562128067017,-0.757309913635254,-0.171714931726456,0,0,0
0,0.130618840456009,-0.554273009300232,-0.793245732784271,-0.207644417881966,0,0,0
0,0.005162877496332,-0.494624733924866,-0.859472513198852,-0.115574888885021,0,0,0
0,-0.085148379206657,-0.463638514280319,-0.867159366607666,-0.149834498763084,0,0,0
0,-0.14160193502903,-0.423929691314697,-0.887609302997589,-0.094891056418419,0,0,0
0,-0.187941834330559,-0.413661807775497,-0.884607374668121,-0.087484322488308,0,0,0
0,-0.298120439052582,-0.27555775642395,-0.91215991973877,-0.006019802764058,0,0,0
0,-0.372132986783981,0.493692129850388,-0.613425672054291,-0.490753412246704,0,0,0
0,0.352091491222382,-0.279316782951355,0.486667186021805,-0.748880565166473,0,0,0
0,-0.068583503365517,-0.671075999736786,0.409170538187027,0.614230215549469,0,0,0
0,0.184210821986198,0.65943056344986,-0.71927148103714,-0.117590896785259,0,0,0
0,0.71282035112381,0.052152834832668,-0.643331646919251,-0.273937195539474,0,0,0
0,0.618943989276886,0.302508771419525,-0.527255415916443,-0.496946454048157,0,0,0
0,0.455074578523636,0.703615784645081,0.06517867743969,-0.538707613945007,0,0,0
0,0.265569984912872,0.559151947498322,0.434561222791672,-0.654200255870819,0,0,0
0,0.007581196725369,0.319977939128876,0.428970605134964,-0.843899369239807,0,0,0
0,0.083426877856255,0.14967405796051,0.22743071615696,-0.958182692527771,0,0,0
0,-0.235528141260147,-0.083601593971253,-0.554184198379517,-0.791867792606354,0,0,0
0,-0.251093775033951,0.13525652885437,-0.329284816980362,-0.898252189159393,0,0,0
0,-0.231227040290832,0.076997675001621,-0.419702470302582,-0.872408092021942,0,0,0
0,-0.249562650918961,0.071258738636971,-0.427138179540634,-0.864195644855499,0,0,0
0,-0.278575927019119,0.024886567145586,-0.521281480789185,-0.804161489009857,0,0,0
0,-0.26840952038765,0.035439629107714,-0.503066658973694,-0.818697869777679,0,0,0
0,-0.323217451572418,-0.028816929087043,-0.585951030254364,-0.740273535251617,0,0,0
0,-0.331847101449966,-0.083413392305374,-0.622192084789276,-0.701740860939026,0,0,0
0,-0.39895698428154,-0.106240049004555,-0.63139683008194,-0.653850138187408,0,0,0
0,-0.391126602888107,-0.112724013626575,-0.629587650299072,-0.65922486782074,0,0,0
0,-0.372255265712738,-0.13663312792778,-0.630667388439178,-0.664573907852173,0,0,0
0,-0.39033916592598,-0.128873854875565,-0.643571197986603,-0.64302933216095,0,0,0
0,-0.380478173494339,-0.185970172286034,-0.706500709056854,-0.564048111438751,0,0,0
0,-0.288903653621674,-0.399955540895462,-0.83487069606781,-0.237069264054298,0,0,0
0,-0.238986551761627,-0.169903978705406,-0.836894989013672,-0.459044188261032,0,0,0
0,0.165387213230133,0.106979332864285,-0.712630569934845,-0.67082154750824,0,0,0
0,0.237828254699707,0.077148325741291,-0.718856692314148,-0.646043181419373,0,0,0
0,0.377197444438934,-0.22012859582901,-0.433122545480728,-0.78801554441452,0,0,0
0,-0.23491382598877,-0.182082638144493,0.877357184886932,0.373505860567093,0,0,0
0,-0.211720675230026,-0.151333898305893,0.890118956565857,0.369565337896347,0,0,0
0,-0.452125430107117,0.290587574243546,0.50002121925354,0.678930580615997,0,0,0
0,-0.296364516019821,0.288220793008804,0.063745856285095,0.908134281635284,0,0,0
0,0.962932288646698,0.231526091694832,-0.029105992987752,-0.134175837039948,0,0,0
0,0.589611828327179,0.535652577877045,0.600422620773315,0.045088168233633,0,0,0
0,0.858270108699799,-0.222987487912178,-0.133210316300392,0.439658284187317,0,0,0
0,0.317005306482315,-0.508545279502869,-0.204455941915512,0.771819591522217,0,0,0
0,0.28457698225975,-0.56891268491745,-0.232532292604446,0.733433604240418,0,0,0
0,0.293270945549011,-0.517859101295471,-0.261039853096008,0.757834017276764,0,0,0
0,0.261956423521042,-0.506389677524567,-0.272198021411896,0.772980213165283,0,0,0
0,0.266532421112061,-0.501833736896515,-0.265699625015259,0.776639044284821,0,0,0
0,0.29918909072876,-0.560424506664276,-0.208070516586304,0.741457283496857,0,0,0
0,0.323095738887787,-0.547665417194366,-0.197190970182419,0.743928730487824,0,0,0
0,0.323707550764084,-0.539498746395111,-0.209612026810646,0.746230125427246,0,0,0
0,0.329230189323425,-0.520478487014771,-0.214904516935348,0.755756199359894,0,0,0
0,0.335423499345779,-0.498923271894455,-0.200395464897156,0.771394371986389,0,0,0
0,0.340087950229645,-0.481907546520233,-0.214275658130646,0.776422560214996,0,0,0
0,0.330961734056473,-0.462310999631882,-0.233987495303154,0.786526143550873,0,0,0
0,0.321777135133743,-0.456139206886292,-0.256552815437317,0.786904215812683,0,0,0
0,0.314841866493225,-0.450726866722107,-0.252238392829895,0.794189035892487,0,0,0
0,0.31894525885582,-0.440910935401917,-0.251376390457153,0.798324525356293,0,0,0
0,0.328806608915329,-0.426836222410202,-0.249477982521057,0.802557229995727,0,0,0
0,0.33892297744751,-0.426383048295975,-0.256106853485107,0.796478688716888,0,0,0
0,0.337972283363342,-0.401374191045761,-0.26147386431694,0.808050036430359,0,0,0
0,0.35747492313385,-0.400569915771484,-0.259002983570099,0.800819993019104,0,0,0
0,0.356731742620468,-0.377942204475403,-0.274640917778015,0.806916058063507,0,0,0
0,0.374300450086594,-0.351790755987167,-0.275393158197403,0.810518145561218,0,0,0
0,0.401400774717331,-0.380147367715836,-0.210084974765778,0.804271280765533,0,0,0
0,-0.260130494832993,0.205769702792168,0.930948913097382,0.146496191620827,0,0,0
0,0.558256149291992,-0.200542822480202,0.193062841892242,-0.780906021595001,0,0,0
0,0.100284397602081,0.829027533531189,-0.195037305355072,0.513226330280304,0,0,0
0,-0.334377974271774,0.742589890956879,-0.036750957369804,0.576220631599426,0,0,0
0,-0.264869332313538,0.77912575006485,-0.196376979351044,0.529978334903717,0,0,0
0,-0.270904123783112,0.756691217422485,-0.28931912779808,0.516678512096405,0,0,0
0,-0.264166980981827,0.729427933692932,-0.294919639825821,0.554800570011139,0,0,0
0,-0.281790971755981,0.689454674720764,-0.3102086186409,0.587912619113922,0,0,0
0,-0.271631985902786,0.677204489707947,-0.36349281668663,0.576285779476166,0,0,0
0,-0.271073937416077,0.653444170951843,-0.378360867500305,0.594130635261535,0,0,0
0,-0.272150218486786,0.642978370189667,-0.396401137113571,0.593293964862824,0,0,0
0,-0.494974613189697,0.489767581224442,-0.367329657077789,0.614072799682617,0,0,0
0,-0.762053906917572,0.12614181637764,-0.499361574649811,0.388100683689117,0,0,0
0,-0.944241166114807,-0.096572175621986,-0.268758982419968,0.153199166059494,0,0,0
0,-0.810827851295471,-0.066552072763443,0.149533480405808,-0.559208869934082,0,0,0
0,-0.700668096542358,-0.173833340406418,0.398451238870621,-0.563034236431122,0,0,0
0,-0.838120877742767,-0.364720374345779,0.013045274652541,-0.402303099632263,0,0,0
0,-0.522329151630402,-0.583052039146423,0.170985981822014,-0.595487952232361,0,0,0
0,-0.513081729412079,-0.59447705745697,0.205010443925858,-0.581325650215149,0,0,0
0,-0.495549082756043,-0.591911911964417,0.212151736021042,-0.596393525600433,0,0,0
0,-0.495103359222412,-0.580586791038513,0.229969456791878,-0.601271331310272,0,0,0
0,-0.4920654296875,-0.567379772663116,0.255042761564255,-0.606238782405853,0,0,0
0,-0.451089590787888,-0.573385417461395,0.272243559360504,-0.624699413776398,0,0,0
0,-0.437024533748627,-0.596843540668487,0.338563144207001,-0.578603506088257,0,0,0
0,-0.434097081422806,-0.587322890758514,0.365934491157532,-0.573867619037628,0,0,0
0,-0.402772486209869,-0.628510475158691,0.439816981554031,-0.495913296937943,0,0,0
0,-0.411706238985062,-0.59515118598938,0.44768676161766,-0.522009551525116,0,0,0
0,-0.395736396312714,-0.599814891815185,0.487858772277832,-0.49217090010643,0,0,0
0,-0.395736396312714,-0.599814891815185,0.487858772277832,-0.49217090010643,0,0,0
0,-0.372540891170502,-0.613138914108276,0.519768059253693,-0.460160851478577,0,0,0
0,-0.355386406183243,-0.609504759311676,0.541360139846802,-0.453609436750412,0,0,0
0,-0.273865580558777,-0.667499661445618,0.574270606040955,-0.382482886314392,0,0,0
0,-0.250445038080215,-0.70238870382309,0.587269604206085,-0.309325873851776,0,0,0
0,-0.255146384239197,-0.707668781280518,0.588110744953156,-0.291328430175781,0,0,0
0,-0.275310009717941,-0.690581738948822,0.591314256191254,-0.30706575512886,0,0,0
0,-0.263975709676743,-0.698662459850311,0.615330755710602,-0.245334357023239,0,0,0
0,-0.25227677822113,-0.699736654758453,0.628572404384613,-0.219689637422562,0,0,0
0,-0.199817523360252,-0.716594576835632,0.659943044185638,-0.087656132876873,0,0,0
0,-0.121156707406044,-0.737691223621368,0.657863557338715,0.070637233555317,0,0,0
0,0.036852963268757,-0.661241233348846,0.671185672283173,0.327942043542862,0,0,0
0,0.042605806142092,-0.666135191917419,0.653432726860046,0.35230553150177,0,0,0
0,-0.010891350917518,-0.684257745742798,0.633752048015595,0.355915784835815,0,0,0
0,-0.043682005256415,-0.682366251945496,0.633674800395966,0.357168942689896,0,0,0
0,-0.037532992660999,-0.682011902332306,0.639732241630554,0.3476183116436,0,0,0
0,0.003790506627411,-0.66924399137497,0.636904239654541,0.378281027078628,0,0,0
0,-0.137222081422806,-0.682867705821991,0.62251091003418,0.352110266685486,0,0,0
0,-0.139768913388252,-0.662087738513947,0.620605826377869,0.391915738582611,0,0,0
0,-0.145490109920502,-0.635647475719452,0.607795596122742,0.449459612369537,0,0,0
0,-0.114281244575977,-0.624865293502808,0.621286392211914,0.455116242170334,0,0,0
0,-0.045484565198422,-0.604291081428528,0.62128484249115,0.493370085954666,0,0,0
0,0.07905013114214,-0.27974396944046,0.502137660980225,0.812395989894867,0,0,0
0,0.177150815725327,-0.052525013685227,0.449811369180679,0.871876776218414,0,0,0
0,0.177632436156273,0.005599415395409,0.388162553310394,0.902432441711426,0,0,0
0,0.221235454082489,0.11177483946085,0.288341462612152,0.923068046569824,0,0,0
0,0.260689377784729,0.123136937618256,0.24388875067234,0.924137473106384,0,0,0
0,0.272106558084488,0.232865199446678,0.10344336181879,0.926097869873047,0,0,0
0,0.265443652868271,0.229232788085937,0.085320852696896,0.930772483348846,0,0,0
0,0.240288466215134,0.1641596108675,0.111260630190372,0.948451220989227,0,0,0
0,0.224686443805695,0.208562910556793,0.074666246771813,0.947136580944061,0,0,0
0,0.235821753740311,0.280547380447388,-0.017050951719284,0.928448915481567,0,0,0
0,0.220981806516647,0.608901739120483,-0.400237232446671,0.646145164966583,0,0,0
0,0.352801650762558,-0.0544766895473,0.416324436664581,0.834349811077118,0,0,0
0,0.451676845550537,0.237970218062401,0.601782739162445,0.614142835140228,0,0,0
0,0.604097902774811,-0.045812234282494,0.755575656890869,-0.246477589011192,0,0,0
0,0.924154758453369,-0.31827700138092,0.049492757767439,-0.198134958744049,0,0,0
0,0.425662040710449,0.784262955188751,0.064285539090633,-0.446593314409256,0,0,0
0,0.208360821008682,0.844674170017242,0.487213760614395,0.060417510569096,0,0,0
0,-0.188277527689934,-0.957315266132355,0.213549315929413,0.00454165507108,0,0,0
0,0.655449569225311,0.282349586486816,-0.005320989526808,0.699753940105438,0,0,0
0,0.394823670387268,-0.515859961509705,-0.62774384021759,0.424942284822464,0,0,0
0,-0.094496481120586,-0.764230847358704,-0.385224252939224,0.506996750831604,0,0,0
0,-0.32957848906517,-0.339858502149582,-0.316674888134003,0.819886326789856,0,0,0
0,-0.32391756772995,-0.351791203022003,-0.440327316522598,0.757673859596252,0,0,0
0,-0.345063894987106,-0.361764132976532,-0.3369961977005,0.795683741569519,0,0,0
0,-0.309819579124451,-0.577744901180267,-0.29148069024086,0.694185495376587,0,0,0
0,-0.404676347970962,-0.5671067237854,-0.375383853912354,0.60856705904007,0,0,0
0,-0.393909573554993,-0.492736637592316,-0.363132566213608,0.683239102363586,0,0,0
0,-0.310608416795731,-0.437469959259033,-0.453249037265778,0.7094686627388,0,0,0
0,-0.284350484609604,-0.30331888794899,-0.462312042713165,0.781049430370331,0,0,0
0,-0.32707005739212,-0.180854961276054,-0.512221097946167,0.771560966968536,0,0,0
0,-0.325867176055908,-0.128322780132294,-0.478684186935425,0.803217768669128,0,0,0
0,-0.323481887578964,0.02165063470602,-0.472109586000443,0.817859828472137,0,0,0
0,-0.307590335607529,-0.070250354707241,-0.505940973758698,0.800865828990936,0,0,0
0,-0.38948255777359,-0.036851420998573,-0.525375247001648,0.753361463546753,0,0,0
0,-0.481249243021011,-0.078278452157974,-0.58843195438385,0.642475426197052,0,0,0
0,-0.634534001350403,-0.071357622742653,-0.612532198429108,0.462288588285446,0,0,0
0,-0.776022374629974,-0.499877601861954,-0.22207760810852,-0.309736579656601,0,0,0
0,0.413326889276505,-0.792073786258698,0.351924955844879,-0.277951955795288,0,0,0
0,0.446688890457153,-0.261806905269623,-0.099851660430431,0.848285675048828,0,0,0
0,0.239804357290268,-0.044168185442686,-0.443725019693375,0.861676156520844,0,0,0
0,0.148327529430389,-0.09052150696516,-0.506216704845428,0.842879116535187,0,0,0
0,0.096199348568916,-0.192205607891083,-0.741633951663971,0.633063554763794,0,0,0
0,-0.204355999827385,-0.054393701255322,-0.869996786117554,0.442328333854675,0,0,0
0,0.800757884979248,0.428297758102417,-0.19399519264698,-0.366534531116486,0,0,0
0,0.914151608943939,0.372181087732315,0.136343061923981,-0.070006147027016,0,0,0
0,0.686214685440064,0.591844320297241,-0.232400193810463,0.34850549697876,0,0,0
0,0.593237221240997,0.552044332027435,-0.509992182254791,0.28270897269249,0,0,0
0,0.557571649551392,0.515001177787781,-0.619783759117126,0.190782532095909,0,0,0
0,0.491339296102524,0.468711912631988,-0.718410074710846,0.139380171895027,0,0,0
0,0.536921381950378,0.36501145362854,-0.74209201335907,0.156289577484131,0,0,0
0,0.461514085531235,0.355167150497436,-0.807696878910065,0.071621000766754,0,0,0
0,0.472584098577499,0.349842041730881,-0.805275857448578,0.049504689872265,0,0,0
0,0.547605276107788,0.336465835571289,-0.762480735778809,0.046748287975788,0,0,0
0,0.611677885055542,0.379762649536133,-0.688440144062042,0.065765902400017,0,0,0
0,0.555898606777191,0.468639254570007,-0.684023976325989,-0.009139207191765,0,0,0
0,0.538915276527405,0.541658461093903,-0.639207780361176,-0.065059401094914,0,0,0
0,0.599767863750458,0.497044682502747,-0.622806489467621,-0.044504914432764,0,0,0
0,0.586081743240356,0.496072560548782,-0.629598259925842,-0.103302672505379,0,0,0
0,0.530678629875183,0.454487174749374,-0.681620180606842,-0.209602177143097,0,0,0
0,0.603155136108398,0.346915990114212,-0.694492638111115,-0.173715025186539,0,0,0
0,0.582351863384247,0.233586058020592,-0.746837437152862,-0.212556019425392,0,0,0
0,0.573636770248413,0.116027593612671,-0.766432642936706,-0.258269518613815,0,0,0
0,0.534310162067413,0.087211392819882,-0.805942833423615,-0.232393339276314,0,0,0
0,0.5860515832901,0.082787021994591,-0.780929028987885,-0.191011175513268,0,0,0
0,0.52986752986908,0.129553094506264,-0.814716219902039,-0.187988355755806,0,0,0
0,0.374481201171875,0.178472027182579,-0.898505091667175,-0.131316691637039,0,0,0
0,0.322926700115204,0.238482147455215,-0.884091556072235,-0.232103556394577,0,0,0
0,0.368148952722549,0.291278064250946,-0.854967296123504,-0.212834790349007,0,0,0
0,0.370860159397125,0.355761736631393,-0.843013286590576,-0.14788268506527,0,0,0
0,0.401794701814652,0.432797163724899,-0.794057250022888,-0.13176266849041,0,0,0
0,0.393249183893204,0.563372850418091,-0.702925980091095,-0.174657836556435,0,0,0
0,0.322839051485062,0.629611432552338,-0.684021711349487,-0.16770039498806,0,0,0
0,0.336162507534027,0.663537561893463,-0.653403460979462,-0.128148779273033,0,0,0
0,0.305404007434845,0.685470819473267,-0.634730875492096,-0.17498667538166,0,0,0
0,0.347514510154724,0.657587349414825,-0.639853179454803,-0.184514969587326,0,0,0
0,0.394414931535721,0.618216276168823,-0.66179484128952,-0.144629910588264,0,0,0
0,0.387455314397812,0.601117372512817,-0.671273052692413,-0.185938268899918,0,0,0
0,0.381865650415421,0.557105839252472,-0.688634216785431,-0.257371753454208,0,0,0
0,0.380868405103683,0.528623998165131,-0.686690986156464,-0.317168563604355,0,0,0
0,0.414131611585617,0.483838737010956,-0.691760122776032,-0.335422903299332,0,0,0
0,0.434397578239441,0.495893806219101,-0.684670686721802,-0.305383324623108,0,0,0
0,0.364064365625382,0.563889086246491,-0.667548656463623,-0.317033499479294,0,0,0
0,0.278735220432281,0.626830220222473,-0.637250125408173,-0.346334397792816,0,0,0
0,0.271567940711975,0.678053319454193,-0.583248853683472,-0.350650787353516,0,0,0
0,0.312111020088196,0.740916788578033,-0.504058241844177,-0.310153007507324,0,0,0
0,0.291024774312973,0.746964037418366,-0.486749231815338,-0.342150449752808,0,0,0
0,0.294488161802292,0.761256694793701,-0.46045333147049,-0.344071418046951,0,0,0
0,0.247536659240723,0.747925460338593,-0.457725197076798,-0.40802600979805,0,0,0
0,0.195273742079735,0.704373300075531,-0.483320415019989,-0.478297501802444,0,0,0
0,0.342953890562057,0.676313519477844,-0.490956991910934,-0.425039976835251,0,0,0
0,0.401512116193771,0.604629158973694,-0.523800432682037,-0.442131847143173,0,0,0
0,0.492107182741165,0.529644787311554,-0.519448816776276,-0.45180156826973,0,0,0
0,0.492114752531052,0.461434483528137,-0.532846629619598,-0.507547795772553,0,0,0
0,0.408328860998154,0.427691787481308,-0.55408638715744,-0.583069682121277,0,0,0
0,0.404152423143387,0.439834088087082,-0.580814778804779,-0.550003707408905,0,0,0
0,0.346666604280472,0.454555153846741,-0.635667324066162,-0.515528738498688,0,0,0
0,0.373246401548386,0.477682858705521,-0.616591274738312,-0.498965501785278,0,0,0
0,0.291947871446609,0.509712755680084,-0.605081558227539,-0.534303367137909,0,0,0
0,0.324868738651276,0.541171431541443,-0.614903151988983,-0.469182461500168,0,0,0
0,0.294861197471619,0.601492762565613,-0.606414318084717,-0.424463182687759,0,0,0
0,0.317186594009399,0.693966865539551,-0.563681066036224,-0.310969412326813,0,0,0
0,0.208691596984863,0.773971438407898,-0.529145777225494,-0.272173970937729,0,0,0
0,0.132594659924507,0.823616921901703,-0.501089751720428,-0.222769647836685,0,0,0
0,0.069971352815628,0.862013757228851,-0.486507058143616,-0.109483912587166,0,0,0
0,-0.104958772659302,0.863008975982666,-0.478774964809418,-0.107750274240971,0,0,0
0,-0.219225510954857,0.829305768013001,-0.507379949092865,0.058278989046812,0,0,0
0,-0.241612359881401,0.874541401863098,-0.414245247840881,0.051839381456375,0,0,0
0,-0.191487431526184,0.877328991889954,-0.433891832828522,0.046309564262629,0,0,0
0,-0.178374767303467,0.880143225193024,-0.43608495593071,-7.20110256224871E-05,0,0,0
0,-0.157751739025116,0.883341252803803,-0.436671614646912,-0.027853183448315,0,0,0
0,-0.118518233299255,0.860117197036743,-0.491042196750641,-0.040902953594923,0,0,0
0,-0.1816645860672,0.853934586048126,-0.460033714771271,-0.151017963886261,0,0,0
0,-0.153035447001457,0.84458839893341,-0.461840987205505,-0.215864881873131,0,0,0
0,-0.114553444087505,0.813372910022736,-0.502336442470551,-0.263819873332977,0,0,0
0,-0.052054010331631,0.791706085205078,-0.544662773609161,-0.26547759771347,0,0,0
0,-0.031472116708756,0.782902240753174,-0.522304952144623,-0.331534653902054,0,0,0
0,-0.015550032258034,0.74778163433075,-0.508927166461945,-0.422156631946564,0,0,0
0,0.044435132294893,0.704628527164459,-0.529009461402893,-0.467243224382401,0,0,0
0,0.046226941049099,0.67951911687851,-0.541584491729736,-0.489333212375641,0,0,0
0,0.045266781002283,0.65997451543808,-0.550347566604614,-0.506108343601227,0,0,0
0,0.01067971996963,0.631584525108337,-0.550102114677429,-0.543134331703186,0,0,0
0,0.091036878526211,0.644906878471375,-0.565682351589203,-0.502447843551636,0,0,0
0,0.050894252955914,0.653708875179291,-0.561408758163452,-0.501536548137665,0,0,0
0,0.122962392866611,0.704703211784363,-0.513143181800842,-0.470742642879486,0,0,0
0,0.052918639034033,0.703336715698242,-0.495682209730148,-0.503545701503754,0,0,0
0,0.042245958000422,0.700030863285065,-0.555142223834991,-0.443429827690125,0,0,0
0,0.46606856584549,-0.17348325252533,-0.491555213928223,-0.712528705596924,0,0,0
0,-0.171468511223793,0.357388406991959,-0.663209497928619,0.632192015647888,0,0,0
0,-0.219642281532288,0.344943165779114,-0.704370558261871,0.577300071716309,0,0,0
0,-0.224359318614006,0.387828886508942,-0.640815854072571,0.620683968067169,0,0,0
0,-0.031671524047852,0.456015437841415,-0.682476937770844,0.567375123500824,0,0,0
0,0.179527565836906,0.783512830734253,-0.178408950567245,0.567460298538208,0,0,0
0,0.391545861959457,-0.283896923065186,0.287690430879593,-0.825786054134369,0,0,0
0,-0.03430438041687,-0.443570524454117,-0.648485779762268,-0.615339756011963,0,0,0
0,0.295059233903885,-0.228043034672737,-0.494198828935623,-0.783158242702484,0,0,0
0,0.348321467638016,0.072232432663441,-0.245354279875755,-0.899935483932495,0,0,0
0,0.314833700656891,0.088826514780521,-0.239473849534988,-0.912289977073669,0,0,0
0,0.231490790843964,0.044544715434313,-0.217648208141327,-0.945352256298065,0,0,0
0,0.146006599068642,0.125846639275551,-0.16133251786232,-0.966147482395172,0,0,0
0,-0.002637888072059,0.238350555300713,-0.192956656217575,-0.950039982795715,0,0,0
0,-0.125513032078743,0.374096810817718,-0.18193955719471,-0.898785650730133,0,0,0
0,-0.374243587255478,0.466111153364181,-0.194443002343178,-0.775561809539795,0,0,0
0,-0.567380428314209,0.564858555793762,-0.121567077934742,-0.583826661109924,0,0,0
0,-0.727154016494751,0.584438145160675,-0.087038286030293,-0.344579935073853,0,0,0
0,-0.781102299690247,0.578889667987824,-0.173386767506599,-0.14615361392498,0,0,0
0,-0.773037910461426,0.628313720226288,-0.06522262096405,0.002520967042074,0,0,0
0,-0.836942911148071,0.508960545063019,0.079206064343453,0.178893595933914,0,0,0
0,-0.832211017608643,0.486171156167984,0.24065300822258,0.098862931132317,0,0,0
0,-0.734276413917542,0.55910849571228,-0.372055619955063,-0.083627633750439,0,0,0
0,-0.791988670825958,0.521421015262604,-0.203240320086479,-0.237272545695305,0,0,0
0,-0.775740385055542,0.451546788215637,-0.153959825634956,-0.410150974988937,0,0,0
0,-0.700718700885773,0.390121132135391,-0.083879418671131,-0.588669121265411,0,0,0
0,-0.477178931236267,0.427099913358688,-0.098073035478592,-0.760006129741669,0,0,0
0,-0.257650047540665,0.377902984619141,0.04319104924798,-0.886410713195801,0,0,0
0,0.326624482870102,0.163471043109894,0.346809446811676,-0.862111687660217,0,0,0
0,0.475668072700501,0.087895639240742,0.331258565187454,-0.808161735534668,0,0,0
0,0.600784003734589,-0.063602946698666,0.339089721441269,-0.71886557340622,0,0,0
0,0.718499064445496,-0.178792178630829,0.284393638372421,-0.607170522212982,0,0,0
0,0.863053023815155,-0.103567093610764,0.304337173700333,-0.385828346014023,0,0,0
0,0.939865112304688,-0.251132726669311,0.108100697398186,-0.19656577706337,0,0,0
0,0.893222391605377,-0.374578773975372,0.228053644299507,0.083509206771851,0,0,0
0,0.882959544658661,-0.341357082128525,0.097575798630715,0.301953494548798,0,0,0
0,0.807555317878723,-0.346789568662643,-0.039170432835817,0.472016453742981,0,0,0
0,0.591568827629089,-0.454455614089966,-0.055253379046917,0.661140918731689,0,0,0
0,0.30409437417984,-0.379454731941223,-0.152980536222458,0.858477771282196,0,0,0
0,-0.152521789073944,-0.373382210731506,-0.311831682920456,0.858928084373474,0,0,0
0,-0.537392497062683,-0.248815521597862,-0.292989552021027,0.74867582321167,0,0,0
0,-0.838524520397186,0.018521605059505,-0.305197417736053,0.447953373193741,0,0,0
0,-0.97828596830368,0.160956084728241,-0.110161297023296,-0.04866610839963,0,0,0
0,-0.776935875415802,0.319957911968231,0.083613894879818,-0.533242404460907,0,0,0
0,-0.286833763122559,0.342997282743454,0.146798267960548,-0.880967259407043,0,0,0
0,0.31174424290657,0.174338042736053,0.291599899530411,-0.885873973369598,0,0,0
0,0.711967766284943,-0.032847240567207,0.38552588224411,-0.583504617214203,0,0,0
0,0.902724862098694,-0.254541516304016,0.327180743217468,-0.10291662812233,0,0,0
0,0.80076277256012,-0.346069514751434,0.176637649536133,0.453439921140671,0,0,0
0,0.469105213880539,-0.33021879196167,0.026604166254401,0.817187190055847,0,0,0
0,0.012043767608702,-0.204996466636658,-0.139837592840195,0.967209219932556,0,0,0
0,-0.421843498945236,0.01359760388732,-0.328292191028595,0.843426108360291,0,0,0
0,-0.76635468006134,0.14188227057457,-0.440907061100006,0.442002773284912,0,0,0
0,-0.914772152900696,0.277924507856369,-0.284364461898804,-0.051382627338171,0,0,0
0,-0.751598596572876,0.280638694763184,-0.169981881976128,-0.569969594478607,0,0,0
0,-0.396595239639282,0.341542780399322,-0.040268182754517,-0.849726974964142,0,0,0
0,-0.09808374941349,0.111974693834782,0.157618522644043,-0.974712431430817,0,0,0
0,0.26399490237236,0.089671179652214,0.251596570014954,-0.925205945968628,0,0,0
0,0.54771101474762,0.010549983009696,0.280258923768997,-0.786298155784607,0,0,0
0,0.806018233299255,-0.123591899871826,0.284367948770523,-0.501242339611053,0,0,0
0,0.898432493209839,-0.326024055480957,0.28017994761467,-0.071279086172581,0,0,0
0,0.825376451015472,-0.414741486310959,0.11258540302515,0.362037599086761,0,0,0
0,0.555175960063934,-0.442811906337738,0.035749509930611,0.700947046279907,0,0,0
0,0.205583825707436,-0.351242989301682,-0.064280010759831,0.909489274024963,0,0,0
0,-0.056036818772554,-0.17769581079483,-0.07336438447237,0.97814416885376,0,0,0
0,-0.257628709077835,-0.058609452098608,-0.061697330325842,0.960794985294342,0,0,0
0,-0.343294382095337,0.005668240133673,-0.066330045461655,0.935141563415527,0,0,0
0,-0.424375921487808,-0.032575186342001,-0.149023458361626,0.890702188014984,0,0,0
0,-0.477505266666412,-0.056619171053171,-0.170556768774986,0.858170747756958,0,0,0
0,-0.492358863353729,0.041200246661902,-0.163053572177887,0.852113008499146,0,0,0
0,-0.564610600471497,0.055480055510998,-0.214723318815231,0.792875230312347,0,0,0
0,-0.621796607971191,0.127786204218864,-0.24337837100029,0.731043100357056,0,0,0
0,-0.682066082954407,0.25165468454361,-0.259451806545258,0.633058547973633,0,0,0
0,-0.770107090473175,0.334606558084488,-0.300468415021896,0.44899645447731,0,0,0
0,-0.830994188785553,0.382414996623993,-0.300252169370651,0.26396632194519,0,0,0
0,-0.840984225273132,0.389243930578232,-0.369223088026047,0.039122004061937,0,0,0
0,-0.817606747150421,0.339868128299713,-0.421252101659775,-0.187570720911026,0,0,0
0,-0.815088331699371,0.313427448272705,-0.307429224252701,-0.373629927635193,0,0,0
0,-0.742774426937103,0.386108040809631,-0.233804062008858,-0.491258382797241,0,0,0
0,-0.683659374713898,0.477236330509186,-0.177161455154419,-0.520475149154663,0,0,0
0,-0.763279378414154,0.410429507493973,-0.058060757815838,-0.492605358362198,0,0,0
0,-0.771580398082733,0.48843851685524,-0.143755540251732,-0.377523273229599,0,0,0
0,-0.746443927288055,0.52665513753891,-0.246052369475365,-0.318872690200806,0,0,0
0,-0.813729405403137,0.474359303712845,-0.276920437812805,-0.182254061102867,0,0,0
0,-0.849621057510376,0.514330446720123,-0.099895335733891,-0.016141636297107,0,0,0
0,-0.823247373104095,0.487693816423416,-0.174182951450348,0.225191593170166,0,0,0
0,-0.796722829341888,0.393448680639267,-0.092747457325459,0.445655524730682,0,0,0
0,-0.731002807617188,0.192820772528648,-0.064410552382469,0.648867011070251,0,0,0
0,-0.640636682510376,0.015414488501847,-0.049465980380774,0.763974249362946,0,0,0
0,-0.580409348011017,-0.256043255329132,-0.124454997479916,0.760927975177765,0,0,0
0,-0.445949196815491,-0.327626466751099,-0.097846135497093,0.825136840343475,0,0,0
0,-0.344632506370544,-0.297627776861191,-0.027840156108141,0.887974917888641,0,0,0
0,-0.345738977193832,-0.293553024530411,-0.070265144109726,0.886556804180145,0,0,0
0,-0.358492463827133,-0.323301315307617,-0.102896340191364,0.867757558822632,0,0,0
0,-0.343185275793076,-0.298137545585632,-0.116908341646194,0.881077766418457,0,0,0
0,-0.328589677810669,-0.247100785374641,-0.14501890540123,0.898090600967407,0,0,0
0,-0.297086834907532,-0.213016375899315,-0.146764129400253,0.917305052280426,0,0,0
0,-0.24671146273613,-0.14203043282032,-0.1772191375494,0.940304636955261,0,0,0
0,-0.225240886211395,-0.136344224214554,-0.18137264251709,0.945761799812317,0,0,0
0,-0.220693603157997,-0.155686914920807,-0.211740061640739,0.937513589859009,0,0,0
0,-0.184422165155411,-0.106758676469326,-0.234343633055687,0.946769118309021,0,0,0
0,-0.186050578951836,-0.122273698449135,-0.264813214540482,0.936493813991547,0,0,0
0,-0.158812537789345,-0.125722840428352,-0.295339912176132,0.931927561759949,0,0,0
0,-0.148806303739548,-0.121194332838058,-0.313013792037964,0.928420603275299,0,0,0
0,-0.146048381924629,-0.131600677967072,-0.323162972927093,0.923959374427795,0,0,0
0,-0.112116493284702,-0.146064028143883,-0.361942708492279,0.912087619304657,0,0,0
0,-0.109817184507847,-0.138910010457039,-0.36648216843605,0.911664366722107,0,0,0
0,-0.117050312459469,-0.151698276400566,-0.360141783952713,0.911253809928894,0,0,0
0,-0.109335452318192,-0.144332900643349,-0.369764894247055,0.909551560878754,0,0,0
0,-0.103488624095917,-0.148402363061905,-0.375538051128387,0.907204568386078,0,0,0
0,-0.130136668682098,-0.181357130408287,-0.184804663062096,0.956060767173767,0,0,0
0,0.197214156389236,-0.623104572296143,0.367642104625702,-0.66106241941452,0,0,0
0,-0.821023225784302,-0.431556403636932,-0.33775383234024,0.156875550746918,0,0,0
0,-0.783033728599548,-0.4254509806633,-0.447790384292603,0.055189937353134,0,0,0
0,-0.723466396331787,-0.562561631202698,-0.356095135211945,-0.173035159707069,0,0,0
0,-0.781220376491547,-0.455903261899948,-0.316626816987991,-0.27969616651535,0,0,0
0,-0.850279092788696,-0.333341002464294,-0.237086310982704,-0.326094061136246,0,0,0
0,-0.815168142318726,-0.401106357574463,-0.327764630317688,-0.252636641263962,0,0,0
0,-0.884326756000519,-0.133362054824829,0.022868296131492,-0.444547533988953,0,0,0
0,-0.901990413665772,-0.070644065737724,0.37416660785675,-0.195063084363937,0,0,0
0,-0.852140843868256,-0.276869356632233,0.203986749053001,-0.390152454376221,0,0,0
0,-0.560868918895721,-0.464528292417526,-0.187033966183662,-0.658665478229523,0,0,0
0,-0.480143189430237,-0.467077136039734,-0.423189550638199,-0.607959270477295,0,0,0
0,-0.560657620429993,-0.465646624565125,-0.479190111160278,-0.485651701688767,0,0,0
0,-0.902784407138824,-0.08363988250494,0.217441245913506,-0.357221484184265,0,0,0
0,-0.813865423202515,-0.150317877531052,-0.029675647616387,-0.559329628944397,0,0,0
0,-0.526132106781006,0.017053326591849,0.845233201980591,0.078441500663757,0,0,0
0,-0.537947297096252,-0.032947190105915,0.840300858020783,0.008123292587698,0,0,0
0,-0.572078704833984,-0.035953052341938,0.816786170005798,-0.030644923448563,0,0,0
0,-0.564688622951508,-0.019492503255606,0.822729647159576,-0.022537520155311,0,0,0
0,-0.589525699615479,0.008072548545897,0.804047107696533,-0.050479423254728,0,0,0
0,-0.575252115726471,0.005256737582386,0.815479099750519,-0.026393042877317,0,0,0
0,-0.575130999088287,-0.005959395784885,0.815717399120331,-0.020956223830581,0,0,0
0,-0.548951685428619,-0.034832667559385,0.832418084144592,-0.034125227481127,0,0,0
0,-0.565625786781311,0.011765169911087,0.822467923164368,0.010904917493463,0,0,0
0,-0.728123664855957,0.081748671829701,0.675575375556946,-0.058260291814804,0,0,0
0,-0.712974429130554,0.069315753877163,0.694287300109863,-0.038284406065941,0,0,0
0,-0.649498820304871,0.077554203569889,0.751424431800842,0.064333058893681,0,0,0
0,-0.688964247703552,0.042714010924101,0.719782710075378,0.045385885983706,0,0,0
0,-0.739526987075806,0.088013164699078,0.660010993480682,-0.079738467931748,0,0,0
0,-0.66945093870163,0.129108726978302,0.704181909561157,-0.189539581537247,0,0,0
0,-0.718707084655762,0.179115623235703,0.636659860610962,-0.206543818116188,0,0,0
0,-0.696664333343506,0.230415880680084,0.65234512090683,-0.180702269077301,0,0,0
0,-0.718005657196045,0.142127811908722,0.623390734195709,-0.268854796886444,0,0,0
0,-0.664264798164368,0.072041779756546,0.738431036472321,-0.070152692496777,0,0,0
0,-0.704732358455658,0.097523853182793,0.700409829616547,0.016855074092746,0,0,0
0,-0.718655109405518,0.15266989171505,0.660403311252594,-0.143979385495186,0,0,0
0,-0.736725032329559,0.098928324878216,0.665537893772125,-0.033827789127827,0,0,0
0,-0.819211661815643,0.216450676321983,0.504578769207001,-0.155165046453476,0,0,0
0,-0.856232106685638,0.094950072467327,0.460299164056778,-0.206432938575745,0,0,0
0,-0.813520550727844,0.155855387449265,0.51540344953537,-0.211881279945374,0,0,0
0,-0.774807512760162,0.147882863879204,0.535418272018433,-0.296264380216599,0,0,0
0,-0.778041839599609,0.240962490439415,0.466330498456955,-0.340218216180801,0,0,0
0,-0.796230316162109,0.239448621869087,0.463319152593613,-0.301090717315674,0,0,0
0,-0.762328565120697,0.213686659932137,0.568358242511749,-0.216326579451561,0,0,0
0,-0.80466216802597,0.240460902452469,0.390565305948258,-0.372548431158066,0,0,0
0,-0.754858493804931,0.200191810727119,0.518596768379211,-0.343234091997147,0,0,0
0,-0.727876245975494,0.235942021012306,0.528720676898956,-0.362795352935791,0,0,0
0,-0.688050627708435,0.212540253996849,0.583369672298431,-0.371117144823074,0,0,0
