time_boot_ms,time_boot_s,xacc,xacc_g,yacc,yacc_g,zacc,zacc_g,xgyro,xgyro_dps,ygyro,ygyro_dps,zgyro,zgyro_dps,xmag,ymag,zmag
515640,515.64,425,0.425,-327,-0.327,-7949,-7.949,-11,-0.630573248407643,-1,-0.057324840764331,0,0,0,0,0
516140,516.14,424,0.424,-327,-0.327,-7936,-7.936,-11,-0.630573248407643,1,0.057324840764331,-3,-0.171974522292994,0,0,0
516640,516.64,426,0.426,-331,-0.331,-7937,-7.937,-12,-0.687898089171974,1,0.057324840764331,-3,-0.171974522292994,0,0,0
517140,517.14,424,0.424,-333,-0.333,-7921,-7.921,-11,-0.630573248407643,-4,-0.229299363057325,-5,-0.286624203821656,0,0,0
517640,517.64,418,0.418,-322,-0.322,-7918,-7.918,-13,-0.745222929936306,-2,-0.114649681528662,-3,-0.171974522292994,0,0,0
518140,518.14,425,0.425,-333,-0.333,-7944,-7.944,-13,-0.745222929936306,-1,-0.057324840764331,-1,-0.057324840764331,0,0,0
518640,518.64,422,0.422,-318,-0.318,-7945,-7.945,-12,-0.687898089171974,-8,-0.45859872611465,0,0,0,0,0
519140,519.14,420,0.42,-333,-0.333,-7936,-7.936,-7,-0.401273885350318,-3,-0.171974522292994,-3,-0.171974522292994,0,0,0
519640,519.64,426,0.426,-333,-0.333,-7940,-7.94,-14,-0.802547770700637,-1,-0.057324840764331,-3,-0.171974522292994,0,0,0
520140,520.14,427,0.427,-324,-0.324,-7936,-7.936,-11,-0.630573248407643,-5,-0.286624203821656,-2,-0.114649681528662,0,0,0
520640,520.64,419,0.419,-325,-0.325,-7939,-7.939,-12,-0.687898089171974,-5,-0.286624203821656,-4,-0.229299363057325,0,0,0
521140,521.14,418,0.418,-332,-0.332,-7932,-7.932,-13,-0.745222929936306,0,0,-3,-0.171974522292994,0,0,0
521640,521.64,419,0.419,-328,-0.328,-7937,-7.937,-8,-0.45859872611465,-1,-0.057324840764331,-2,-0.114649681528662,0,0,0
522140,522.14,425,0.425,-330,-0.33,-7944,-7.944,-11,-0.630573248407643,-5,-0.286624203821656,-4,-0.229299363057325,0,0,0
522640,522.64,425,0.425,-328,-0.328,-7931,-7.931,-12,-0.687898089171974,-4,-0.229299363057325,-4,-0.229299363057325,0,0,0
523140,523.14,416,0.416,-332,-0.332,-7934,-7.934,-11,-0.630573248407643,-1,-0.057324840764331,-3,-0.171974522292994,0,0,0
523640,523.64,423,0.423,-330,-0.33,-7937,-7.937,-11,-0.630573248407643,-4,-0.229299363057325,-4,-0.229299363057325,0,0,0
524140,524.14,427,0.427,-328,-0.328,-7932,-7.932,-8,-0.45859872611465,-9,-0.515923566878981,-4,-0.229299363057325,0,0,0
524640,524.64,419,0.419,-330,-0.33,-7928,-7.928,-16,-0.917197452229299,-1,-0.057324840764331,-5,-0.286624203821656,0,0,0
525140,525.14,424,0.424,-331,-0.331,-7928,-7.928,-11,-0.630573248407643,-3,-0.171974522292994,-3,-0.171974522292994,0,0,0
525640,525.64,427,0.427,-324,-0.324,-7933,-7.933,-8,-0.45859872611465,-3,-0.171974522292994,-3,-0.171974522292994,0,0,0
526140,526.14,418,0.418,-334,-0.334,-7939,-7.939,-12,-0.687898089171974,-3,-0.171974522292994,-3,-0.171974522292994,0,0,0
526640,526.64,420,0.42,-332,-0.332,-7941,-7.941,-13,-0.745222929936306,-4,-0.229299363057325,-3,-0.171974522292994,0,0,0
527140,527.14,434,0.434,-324,-0.324,-7935,-7.935,-10,-0.573248407643312,-3,-0.171974522292994,-3,-0.171974522292994,0,0,0
527640,527.64,431,0.431,-326,-0.326,-7939,-7.939,-13,-0.745222929936306,-1,-0.057324840764331,-5,-0.286624203821656,0,0,0
528140,528.14,420,0.42,-332,-0.332,-7943,-7.943,-12,-0.687898089171974,-4,-0.229299363057325,-3,-0.171974522292994,0,0,0
528640,528.64,420,0.42,-327,-0.327,-7943,-7.943,-12,-0.687898089171974,-3,-0.171974522292994,-4,-0.229299363057325,0,0,0
529140,529.14,425,0.425,-332,-0.332,-7943,-7.943,-13,-0.745222929936306,-2,-0.114649681528662,-5,-0.286624203821656,0,0,0
529640,529.64,427,0.427,-334,-0.334,-7939,-7.939,-3,-0.171974522292994,-8,-0.45859872611465,0,0,0,0,0
530640,530.64,420,0.42,-334,-0.334,-7934,-7.934,-10,-0.573248407643312,-9,-0.515923566878981,-1,-0.057324840764331,0,0,0
531140,531.14,426,0.426,-333,-0.333,-7933,-7.933,-12,-0.687898089171974,-4,-0.229299363057325,-4,-0.229299363057325,0,0,0
531770,531.77,422,0.422,-323,-0.323,-7936,-7.936,-13,-0.745222929936306,-5,-0.286624203821656,-4,-0.229299363057325,0,0,0
532240,532.24,427,0.427,-327,-0.327,-7945,-7.945,-13,-0.745222929936306,0,0,-3,-0.171974522292994,0,0,0
532740,532.74,426,0.426,-328,-0.328,-7930,-7.93,-11,-0.630573248407643,-3,-0.171974522292994,-3,-0.171974522292994,0,0,0
533240,533.24,431,0.431,-327,-0.327,-7940,-7.94,-9,-0.515923566878981,-3,-0.171974522292994,-3,-0.171974522292994,0,0,0
533740,533.74,422,0.422,-333,-0.333,-7939,-7.939,-14,-0.802547770700637,-1,-0.057324840764331,-4,-0.229299363057325,0,0,0
534240,534.24,422,0.422,-334,-0.334,-7937,-7.937,-11,-0.630573248407643,-3,-0.171974522292994,-4,-0.229299363057325,0,0,0
534740,534.74,421,0.421,-335,-0.335,-7932,-7.932,-11,-0.630573248407643,-1,-0.057324840764331,-5,-0.286624203821656,0,0,0
535240,535.24,407,0.407,-327,-0.327,-7947,-7.947,-12,-0.687898089171974,-6,-0.343949044585987,-3,-0.171974522292994,0,0,0
535740,535.74,429,0.429,-330,-0.33,-7933,-7.933,-10,-0.573248407643312,0,0,-4,-0.229299363057325,0,0,0
536240,536.24,428,0.428,-333,-0.333,-7943,-7.943,-10,-0.573248407643312,-6,-0.343949044585987,-2,-0.114649681528662,0,0,0
536750,536.75,419,0.419,-333,-0.333,-7942,-7.942,-10,-0.573248407643312,-7,-0.401273885350318,-3,-0.171974522292994,0,0,0
537240,537.24,426,0.426,-330,-0.33,-7933,-7.933,-11,-0.630573248407643,-4,-0.229299363057325,-1,-0.057324840764331,0,0,0
537740,537.74,420,0.42,-333,-0.333,-7946,-7.946,-12,-0.687898089171974,-3,-0.171974522292994,-1,-0.057324840764331,0,0,0
538240,538.24,419,0.419,-331,-0.331,-7935,-7.935,-10,-0.573248407643312,-6,-0.343949044585987,-5,-0.286624203821656,0,0,0
538740,538.74,417,0.417,-335,-0.335,-7933,-7.933,-15,-0.859872611464968,-5,-0.286624203821656,-4,-0.229299363057325,0,0,0
539240,539.24,416,0.416,-333,-0.333,-7950,-7.95,-11,-0.630573248407643,-2,-0.114649681528662,-3,-0.171974522292994,0,0,0
539740,539.74,425,0.425,-324,-0.324,-7937,-7.937,-13,-0.745222929936306,-4,-0.229299363057325,-4,-0.229299363057325,0,0,0
540240,540.24,424,0.424,-339,-0.339,-7942,-7.942,-12,-0.687898089171974,-5,-0.286624203821656,-2,-0.114649681528662,0,0,0
540740,540.74,423,0.423,-335,-0.335,-7940,-7.94,0,0,-5,-0.286624203821656,1,0.057324840764331,0,0,0
541240,541.24,424,0.424,-339,-0.339,-7932,-7.932,-12,-0.687898089171974,2,0.114649681528662,-6,-0.343949044585987,0,0,0
541740,541.74,425,0.425,-335,-0.335,-7949,-7.949,-11,-0.630573248407643,-5,-0.286624203821656,-4,-0.229299363057325,0,0,0
542240,542.24,426,0.426,-331,-0.331,-7950,-7.95,-11,-0.630573248407643,-5,-0.286624203821656,-3,-0.171974522292994,0,0,0
542740,542.74,427,0.427,-327,-0.327,-7943,-7.943,-12,-0.687898089171974,-5,-0.286624203821656,-5,-0.286624203821656,0,0,0
543240,543.24,419,0.419,-330,-0.33,-7939,-7.939,-13,-0.745222929936306,-3,-0.171974522292994,-3,-0.171974522292994,0,0,0
543740,543.74,414,0.414,-328,-0.328,-7938,-7.938,-12,-0.687898089171974,-4,-0.229299363057325,-1,-0.057324840764331,0,0,0
544240,544.24,427,0.427,-331,-0.331,-7950,-7.95,-14,-0.802547770700637,-3,-0.171974522292994,-2,-0.114649681528662,0,0,0
544740,544.74,424,0.424,-333,-0.333,-7930,-7.93,-12,-0.687898089171974,-6,-0.343949044585987,-7,-0.401273885350318,0,0,0
545240,545.24,422,0.422,-333,-0.333,-7940,-7.94,-12,-0.687898089171974,-4,-0.229299363057325,-4,-0.229299363057325,0,0,0
545740,545.74,416,0.416,-332,-0.332,-7945,-7.945,-12,-0.687898089171974,-4,-0.229299363057325,0,0,0,0,0
546240,546.24,426,0.426,-330,-0.33,-7943,-7.943,-12,-0.687898089171974,-3,-0.171974522292994,-2,-0.114649681528662,0,0,0
546740,546.74,424,0.424,-326,-0.326,-7941,-7.941,-18,-1.03184713375796,-1,-0.057324840764331,-4,-0.229299363057325,0,0,0
547240,547.24,420,0.42,-332,-0.332,-7947,-7.947,-11,-0.630573248407643,-6,-0.343949044585987,-9,-0.515923566878981,0,0,0
547740,547.74,423,0.423,-329,-0.329,-7947,-7.947,-15,-0.859872611464968,-3,-0.171974522292994,-6,-0.343949044585987,0,0,0
548240,548.24,426,0.426,-327,-0.327,-7938,-7.938,-9,-0.515923566878981,-7,-0.401273885350318,-1,-0.057324840764331,0,0,0
548740,548.74,430,0.43,-334,-0.334,-7948,-7.948,-13,-0.745222929936306,-5,-0.286624203821656,-4,-0.229299363057325,0,0,0
549240,549.24,418,0.418,-327,-0.327,-7954,-7.954,-12,-0.687898089171974,-3,-0.171974522292994,-3,-0.171974522292994,0,0,0
549740,549.74,415,0.415,-332,-0.332,-7940,-7.94,-15,-0.859872611464968,-3,-0.171974522292994,-3,-0.171974522292994,0,0,0
550240,550.24,421,0.421,-328,-0.328,-7941,-7.941,-16,-0.917197452229299,-2,-0.114649681528662,-3,-0.171974522292994,0,0,0
550740,550.74,421,0.421,-340,-0.34,-7946,-7.946,-13,-0.745222929936306,-4,-0.229299363057325,-5,-0.286624203821656,0,0,0
551240,551.24,423,0.423,-323,-0.323,-7938,-7.938,-9,-0.515923566878981,-2,-0.114649681528662,-4,-0.229299363057325,0,0,0
551740,551.74,421,0.421,-330,-0.33,-7938,-7.938,-14,-0.802547770700637,-3,-0.171974522292994,-9,-0.515923566878981,0,0,0
552240,552.24,418,0.418,-307,-0.307,-7944,-7.944,-8,-0.45859872611465,4,0.229299363057325,-3,-0.171974522292994,0,0,0
552740,552.74,437,0.437,-339,-0.339,-7943,-7.943,-16,-0.917197452229299,4,0.229299363057325,-9,-0.515923566878981,0,0,0
553240,553.24,425,0.425,-333,-0.333,-7937,-7.937,-18,-1.03184713375796,-9,-0.515923566878981,-4,-0.229299363057325,0,0,0
553740,553.74,425,0.425,-327,-0.327,-7933,-7.933,-13,-0.745222929936306,-1,-0.057324840764331,-2,-0.114649681528662,0,0,0
554240,554.24,421,0.421,-331,-0.331,-7935,-7.935,-10,-0.573248407643312,-4,-0.229299363057325,-6,-0.343949044585987,0,0,0
554740,554.74,419,0.419,-332,-0.332,-7944,-7.944,-13,-0.745222929936306,-2,-0.114649681528662,-5,-0.286624203821656,0,0,0
555240,555.24,424,0.424,-334,-0.334,-7942,-7.942,-14,-0.802547770700637,-4,-0.229299363057325,-5,-0.286624203821656,0,0,0
555740,555.74,422,0.422,-328,-0.328,-7940,-7.94,-14,-0.802547770700637,-5,-0.286624203821656,-6,-0.343949044585987,0,0,0
556240,556.24,422,0.422,-327,-0.327,-7948,-7.948,-12,-0.687898089171974,1,0.057324840764331,-7,-0.401273885350318,0,0,0
556740,556.74,420,0.42,-336,-0.336,-7940,-7.94,-14,-0.802547770700637,-4,-0.229299363057325,-5,-0.286624203821656,0,0,0
557240,557.24,421,0.421,-328,-0.328,-7943,-7.943,-14,-0.802547770700637,-3,-0.171974522292994,-9,-0.515923566878981,0,0,0
557740,557.74,427,0.427,-323,-0.323,-7952,-7.952,-14,-0.802547770700637,0,0,-6,-0.343949044585987,0,0,0
558240,558.24,420,0.42,-334,-0.334,-7950,-7.95,-20,-1.14649681528662,1,0.057324840764331,-6,-0.343949044585987,0,0,0
558740,558.74,426,0.426,-330,-0.33,-7946,-7.946,-14,-0.802547770700637,-5,-0.286624203821656,-3,-0.171974522292994,0,0,0
559240,559.24,424,0.424,-344,-0.344,-7941,-7.941,-13,-0.745222929936306,0,0,-3,-0.171974522292994,0,0,0
559740,559.74,419,0.419,-335,-0.335,-7947,-7.947,-14,-0.802547770700637,-3,-0.171974522292994,-6,-0.343949044585987,0,0,0
560240,560.24,429,0.429,-338,-0.338,-7942,-7.942,-13,-0.745222929936306,-5,-0.286624203821656,-12,-0.687898089171974,0,0,0
560740,560.74,419,0.419,-329,-0.329,-7941,-7.941,-15,-0.859872611464968,-5,-0.286624203821656,-5,-0.286624203821656,0,0,0
561240,561.24,416,0.416,-330,-0.33,-7942,-7.942,-15,-0.859872611464968,-3,-0.171974522292994,-6,-0.343949044585987,0,0,0
561740,561.74,416,0.416,-330,-0.33,-7954,-7.954,-13,-0.745222929936306,-3,-0.171974522292994,-9,-0.515923566878981,0,0,0
562240,562.24,426,0.426,-333,-0.333,-7949,-7.949,-13,-0.745222929936306,-5,-0.286624203821656,-7,-0.401273885350318,0,0,0
562740,562.74,418,0.418,-331,-0.331,-7953,-7.953,-11,-0.630573248407643,-3,-0.171974522292994,-5,-0.286624203821656,0,0,0
563240,563.24,427,0.427,-332,-0.332,-7951,-7.951,-15,-0.859872611464968,-3,-0.171974522292994,-7,-0.401273885350318,0,0,0
563740,563.74,423,0.423,-327,-0.327,-7948,-7.948,-14,-0.802547770700637,-2,-0.114649681528662,-3,-0.171974522292994,0,0,0
564240,564.24,424,0.424,-333,-0.333,-7944,-7.944,-15,-0.859872611464968,-1,-0.057324840764331,-4,-0.229299363057325,0,0,0
564740,564.74,427,0.427,-331,-0.331,-7954,-7.954,-14,-0.802547770700637,-4,-0.229299363057325,-6,-0.343949044585987,0,0,0
565240,565.24,419,0.419,-334,-0.334,-7941,-7.941,-14,-0.802547770700637,-4,-0.229299363057325,-6,-0.343949044585987,0,0,0
565740,565.74,422,0.422,-328,-0.328,-7939,-7.939,-12,-0.687898089171974,-2,-0.114649681528662,-2,-0.114649681528662,0,0,0
566240,566.24,425,0.425,-324,-0.324,-7951,-7.951,-14,-0.802547770700637,1,0.057324840764331,-3,-0.171974522292994,0,0,0
566740,566.74,427,0.427,-335,-0.335,-7948,-7.948,-13,-0.745222929936306,-5,-0.286624203821656,-7,-0.401273885350318,0,0,0
567240,567.24,418,0.418,-333,-0.333,-7956,-7.956,-17,-0.974522292993631,-2,-0.114649681528662,-7,-0.401273885350318,0,0,0
567740,567.74,425,0.425,-335,-0.335,-7953,-7.953,-14,-0.802547770700637,-3,-0.171974522292994,-7,-0.401273885350318,0,0,0
568240,568.24,426,0.426,-330,-0.33,-7955,-7.955,-14,-0.802547770700637,-2,-0.114649681528662,-5,-0.286624203821656,0,0,0
568740,568.74,427,0.427,-329,-0.329,-7932,-7.932,-14,-0.802547770700637,-3,-0.171974522292994,-2,-0.114649681528662,0,0,0
569240,569.24,416,0.416,-332,-0.332,-7954,-7.954,-14,-0.802547770700637,-5,-0.286624203821656,-5,-0.286624203821656,0,0,0
569740,569.74,417,0.417,-338,-0.338,-7940,-7.94,-11,-0.630573248407643,-4,-0.229299363057325,-1,-0.057324840764331,0,0,0
570240,570.24,422,0.422,-333,-0.333,-7941,-7.941,-17,-0.974522292993631,-12,-0.687898089171974,-4,-0.229299363057325,0,0,0
570740,570.74,421,0.421,-328,-0.328,-7945,-7.945,-17,-0.974522292993631,-4,-0.229299363057325,-5,-0.286624203821656,0,0,0
571240,571.24,419,0.419,-329,-0.329,-7942,-7.942,-11,-0.630573248407643,-2,-0.114649681528662,0,0,0,0,0
571740,571.74,430,0.43,-332,-0.332,-7931,-7.931,-13,-0.745222929936306,-2,-0.114649681528662,-4,-0.229299363057325,0,0,0
572240,572.24,418,0.418,-343,-0.343,-7943,-7.943,-14,-0.802547770700637,-7,-0.401273885350318,-3,-0.171974522292994,0,0,0
572740,572.74,417,0.417,-333,-0.333,-7935,-7.935,-13,-0.745222929936306,-2,-0.114649681528662,-3,-0.171974522292994,0,0,0
573240,573.24,418,0.418,-322,-0.322,-7937,-7.937,-12,-0.687898089171974,-5,-0.286624203821656,-5,-0.286624203821656,0,0,0
573740,573.74,420,0.42,-333,-0.333,-7947,-7.947,-13,-0.745222929936306,-3,-0.171974522292994,-4,-0.229299363057325,0,0,0
574240,574.24,420,0.42,-331,-0.331,-7942,-7.942,-16,-0.917197452229299,-3,-0.171974522292994,-2,-0.114649681528662,0,0,0
574740,574.74,420,0.42,-329,-0.329,-7948,-7.948,-13,-0.745222929936306,-5,-0.286624203821656,0,0,0,0,0
575240,575.24,428,0.428,-333,-0.333,-7940,-7.94,-11,-0.630573248407643,-3,-0.171974522292994,-4,-0.229299363057325,0,0,0
575740,575.74,434,0.434,-356,-0.356,-7936,-7.936,-17,-0.974522292993631,1,0.057324840764331,-11,-0.630573248407643,0,0,0
576240,576.24,420,0.42,-333,-0.333,-7945,-7.945,-13,-0.745222929936306,-9,-0.515923566878981,-4,-0.229299363057325,0,0,0
576740,576.74,428,0.428,-328,-0.328,-7938,-7.938,-10,-0.573248407643312,-5,-0.286624203821656,-3,-0.171974522292994,0,0,0
577240,577.24,428,0.428,-333,-0.333,-7955,-7.955,-10,-0.573248407643312,-7,-0.401273885350318,-6,-0.343949044585987,0,0,0
577740,577.74,420,0.42,-329,-0.329,-7935,-7.935,-12,-0.687898089171974,-4,-0.229299363057325,-6,-0.343949044585987,0,0,0
578240,578.24,418,0.418,-337,-0.337,-7943,-7.943,-15,-0.859872611464968,-5,-0.286624203821656,-1,-0.057324840764331,0,0,0
578740,578.74,422,0.422,-327,-0.327,-7941,-7.941,-15,-0.859872611464968,-1,-0.057324840764331,-5,-0.286624203821656,0,0,0
579240,579.24,419,0.419,-326,-0.326,-7935,-7.935,-11,-0.630573248407643,-1,-0.057324840764331,-4,-0.229299363057325,0,0,0
579740,579.74,420,0.42,-335,-0.335,-7945,-7.945,-15,-0.859872611464968,-5,-0.286624203821656,-1,-0.057324840764331,0,0,0
580240,580.24,421,0.421,-336,-0.336,-7943,-7.943,-12,-0.687898089171974,-3,-0.171974522292994,-4,-0.229299363057325,0,0,0
580740,580.74,426,0.426,-335,-0.335,-7943,-7.943,-15,-0.859872611464968,1,0.057324840764331,-4,-0.229299363057325,0,0,0
581740,581.74,413,0.413,-335,-0.335,-7946,-7.946,-14,-0.802547770700637,-3,-0.171974522292994,-3,-0.171974522292994,0,0,0
582240,582.24,417,0.417,-330,-0.33,-7947,-7.947,-12,-0.687898089171974,1,0.057324840764331,-4,-0.229299363057325,0,0,0
582740,582.74,431,0.431,-334,-0.334,-7945,-7.945,-14,-0.802547770700637,-4,-0.229299363057325,-4,-0.229299363057325,0,0,0
583240,583.24,428,0.428,-326,-0.326,-7940,-7.94,-16,-0.917197452229299,-5,-0.286624203821656,-9,-0.515923566878981,0,0,0
583740,583.74,419,0.419,-329,-0.329,-7939,-7.939,-14,-0.802547770700637,-1,-0.057324840764331,-1,-0.057324840764331,0,0,0
584240,584.24,427,0.427,-333,-0.333,-7945,-7.945,-17,-0.974522292993631,-5,-0.286624203821656,-9,-0.515923566878981,0,0,0
584740,584.74,425,0.425,-333,-0.333,-7944,-7.944,-15,-0.859872611464968,-4,-0.229299363057325,-5,-0.286624203821656,0,0,0
585240,585.24,424,0.424,-332,-0.332,-7935,-7.935,-13,-0.745222929936306,-3,-0.171974522292994,-2,-0.114649681528662,0,0,0
585740,585.74,420,0.42,-338,-0.338,-7947,-7.947,-12,-0.687898089171974,-2,-0.114649681528662,-4,-0.229299363057325,0,0,0
586240,586.24,431,0.431,-333,-0.333,-7945,-7.945,-14,-0.802547770700637,-7,-0.401273885350318,-1,-0.057324840764331,0,0,0
586940,586.94,421,0.421,-333,-0.333,-7943,-7.943,-11,-0.630573248407643,0,0,-4,-0.229299363057325,0,0,0
587440,587.44,416,0.416,-333,-0.333,-7926,-7.926,-12,-0.687898089171974,0,0,-6,-0.343949044585987,0,0,0
587940,587.94,429,0.429,-334,-0.334,-7943,-7.943,-19,-1.08917197452229,-3,-0.171974522292994,-3,-0.171974522292994,0,0,0
588440,588.44,424,0.424,-330,-0.33,-7942,-7.942,-14,-0.802547770700637,-4,-0.229299363057325,-4,-0.229299363057325,0,0,0
588940,588.94,425,0.425,-327,-0.327,-7939,-7.939,-14,-0.802547770700637,-3,-0.171974522292994,-6,-0.343949044585987,0,0,0
589440,589.44,422,0.422,-338,-0.338,-7938,-7.938,-13,-0.745222929936306,-3,-0.171974522292994,-5,-0.286624203821656,0,0,0
589940,589.94,427,0.427,-328,-0.328,-7952,-7.952,-15,-0.859872611464968,0,0,-7,-0.401273885350318,0,0,0
590440,590.44,427,0.427,-336,-0.336,-7945,-7.945,-11,-0.630573248407643,-2,-0.114649681528662,-5,-0.286624203821656,0,0,0
590940,590.94,415,0.415,-341,-0.341,-7937,-7.937,-13,-0.745222929936306,-1,-0.057324840764331,-6,-0.343949044585987,0,0,0
591440,591.44,425,0.425,-325,-0.325,-7940,-7.94,-13,-0.745222929936306,-1,-0.057324840764331,-5,-0.286624203821656,0,0,0
591940,591.94,420,0.42,-329,-0.329,-7941,-7.941,-15,-0.859872611464968,-3,-0.171974522292994,-2,-0.114649681528662,0,0,0
592440,592.44,418,0.418,-329,-0.329,-7930,-7.93,-14,-0.802547770700637,-3,-0.171974522292994,-5,-0.286624203821656,0,0,0
592940,592.94,419,0.419,-323,-0.323,-7942,-7.942,-10,-0.573248407643312,-9,-0.515923566878981,-6,-0.343949044585987,0,0,0
593440,593.44,416,0.416,-334,-0.334,-7956,-7.956,-17,-0.974522292993631,-1,-0.057324840764331,-7,-0.401273885350318,0,0,0
593940,593.94,419,0.419,-333,-0.333,-7954,-7.954,-13,-0.745222929936306,-7,-0.401273885350318,-6,-0.343949044585987,0,0,0
594440,594.44,418,0.418,-336,-0.336,-7947,-7.947,-14,-0.802547770700637,-1,-0.057324840764331,-5,-0.286624203821656,0,0,0
594940,594.94,421,0.421,-332,-0.332,-7942,-7.942,-14,-0.802547770700637,-5,-0.286624203821656,-4,-0.229299363057325,0,0,0
595440,595.44,435,0.435,-332,-0.332,-7942,-7.942,-14,-0.802547770700637,-3,-0.171974522292994,-6,-0.343949044585987,0,0,0
595940,595.94,425,0.425,-329,-0.329,-7949,-7.949,-16,-0.917197452229299,-4,-0.229299363057325,-4,-0.229299363057325,0,0,0
596440,596.44,421,0.421,-328,-0.328,-7944,-7.944,-16,-0.917197452229299,-3,-0.171974522292994,-5,-0.286624203821656,0,0,0
596940,596.94,426,0.426,-328,-0.328,-7941,-7.941,-13,-0.745222929936306,-3,-0.171974522292994,-3,-0.171974522292994,0,0,0
597440,597.44,418,0.418,-330,-0.33,-7950,-7.95,-17,-0.974522292993631,-5,-0.286624203821656,-3,-0.171974522292994,0,0,0
597940,597.94,423,0.423,-329,-0.329,-7950,-7.95,-10,-0.573248407643312,-6,-0.343949044585987,-7,-0.401273885350318,0,0,0
598440,598.44,420,0.42,-325,-0.325,-7951,-7.951,-15,-0.859872611464968,-5,-0.286624203821656,-3,-0.171974522292994,0,0,0
598940,598.94,418,0.418,-327,-0.327,-7941,-7.941,-14,-0.802547770700637,-9,-0.515923566878981,-6,-0.343949044585987,0,0,0
599440,599.44,416,0.416,-332,-0.332,-7955,-7.955,-15,-0.859872611464968,3,0.171974522292994,-6,-0.343949044585987,0,0,0
599940,599.94,420,0.42,-328,-0.328,-7952,-7.952,-13,-0.745222929936306,-5,-0.286624203821656,-3,-0.171974522292994,0,0,0
600440,600.44,416,0.416,-326,-0.326,-7950,-7.95,-15,-0.859872611464968,-3,-0.171974522292994,-5,-0.286624203821656,0,0,0
600940,600.94,430,0.43,-333,-0.333,-7950,-7.95,-14,-0.802547770700637,-5,-0.286624203821656,-6,-0.343949044585987,0,0,0
601440,601.44,420,0.42,-331,-0.331,-7950,-7.95,-14,-0.802547770700637,-3,-0.171974522292994,-3,-0.171974522292994,0,0,0
601940,601.94,429,0.429,-334,-0.334,-7947,-7.947,-15,-0.859872611464968,-4,-0.229299363057325,-9,-0.515923566878981,0,0,0
602440,602.44,424,0.424,-329,-0.329,-7949,-7.949,-17,-0.974522292993631,-10,-0.573248407643312,-5,-0.286624203821656,0,0,0
602940,602.94,428,0.428,-325,-0.325,-7943,-7.943,-14,-0.802547770700637,-4,-0.229299363057325,-5,-0.286624203821656,0,0,0
603440,603.44,420,0.42,-333,-0.333,-7951,-7.951,-13,-0.745222929936306,-6,-0.343949044585987,-4,-0.229299363057325,0,0,0
603950,603.95,423,0.423,-333,-0.333,-7948,-7.948,-15,-0.859872611464968,-3,-0.171974522292994,-5,-0.286624203821656,0,0,0
604440,604.44,418,0.418,-333,-0.333,-7938,-7.938,-14,-0.802547770700637,-6,-0.343949044585987,-2,-0.114649681528662,0,0,0
604940,604.94,419,0.419,-336,-0.336,-7954,-7.954,-15,-0.859872611464968,2,0.114649681528662,-5,-0.286624203821656,0,0,0
605440,605.44,425,0.425,-332,-0.332,-7944,-7.944,-13,-0.745222929936306,-10,-0.573248407643312,-4,-0.229299363057325,0,0,0
605940,605.94,417,0.417,-333,-0.333,-7951,-7.951,-16,-0.917197452229299,-2,-0.114649681528662,-4,-0.229299363057325,0,0,0
606440,606.44,420,0.42,-331,-0.331,-7940,-7.94,-15,-0.859872611464968,-5,-0.286624203821656,-4,-0.229299363057325,0,0,0
606940,606.94,419,0.419,-330,-0.33,-7943,-7.943,-14,-0.802547770700637,-8,-0.45859872611465,-3,-0.171974522292994,0,0,0
607440,607.44,420,0.42,-326,-0.326,-7945,-7.945,-16,-0.917197452229299,-2,-0.114649681528662,-5,-0.286624203821656,0,0,0
607940,607.94,428,0.428,-284,-0.284,-7960,-7.96,2,0.114649681528662,-45,-2.5796178343949,-1,-0.057324840764331,0,0,0
608440,608.44,239,0.239,-477,-0.477,-7909,-7.909,767,43.968152866242,-603,-34.5668789808917,62,3.55414012738853,0,0,0
608940,608.94,439,0.439,-331,-0.331,-7950,-7.95,-131,-7.50955414012739,823,47.1783439490446,-956,-54.8025477707006,0,0,0
609440,609.44,482,0.482,-373,-0.373,-7870,-7.87,-164,-9.40127388535032,269,15.4203821656051,-982,-56.2929936305732,0,0,0
609940,609.94,640,0.64,-220,-0.22,-7947,-7.947,-45,-2.5796178343949,100,5.73248407643312,-16,-0.917197452229299,0,0,0
610440,610.44,489,0.489,-278,-0.278,-7958,-7.958,427,24.4777070063694,-1685,-96.5923566878981,184,10.5477707006369,0,0,0
610940,610.94,392,0.392,-291,-0.291,-7956,-7.956,-41,-2.35031847133758,65,3.72611464968153,-16,-0.917197452229299,0,0,0
611440,611.44,394,0.394,-290,-0.29,-7947,-7.947,-19,-1.08917197452229,6,0.343949044585987,-5,-0.286624203821656,0,0,0
611940,611.94,389,0.389,-301,-0.301,-7956,-7.956,-18,-1.03184713375796,-3,-0.171974522292994,-3,-0.171974522292994,0,0,0
612440,612.44,382,0.382,-300,-0.3,-7950,-7.95,-13,-0.745222929936306,-3,-0.171974522292994,-3,-0.171974522292994,0,0,0
612940,612.94,393,0.393,-299,-0.299,-7948,-7.948,-15,-0.859872611464968,-3,-0.171974522292994,-5,-0.286624203821656,0,0,0
613440,613.44,390,0.39,-297,-0.297,-7943,-7.943,-14,-0.802547770700637,-3,-0.171974522292994,-2,-0.114649681528662,0,0,0
613940,613.94,388,0.388,-303,-0.303,-7955,-7.955,-17,-0.974522292993631,-7,-0.401273885350318,-5,-0.286624203821656,0,0,0
614440,614.44,380,0.38,-305,-0.305,-7948,-7.948,-17,-0.974522292993631,-2,-0.114649681528662,-7,-0.401273885350318,0,0,0
614940,614.94,388,0.388,-298,-0.298,-7951,-7.951,-16,-0.917197452229299,-1,-0.057324840764331,-5,-0.286624203821656,0,0,0
615440,615.44,398,0.398,-302,-0.302,-7945,-7.945,-45,-2.5796178343949,90,5.15923566878981,-18,-1.03184713375796,0,0,0
615940,615.94,384,0.384,-299,-0.299,-7966,-7.966,-22,-1.26114649681529,15,0.859872611464968,-9,-0.515923566878981,0,0,0
617440,617.44,389,0.389,-296,-0.296,-7959,-7.959,-16,-0.917197452229299,-7,-0.401273885350318,-3,-0.171974522292994,0,0,0
617940,617.94,390,0.39,-293,-0.293,-7958,-7.958,-15,-0.859872611464968,-6,-0.343949044585987,-1,-0.057324840764331,0,0,0
618440,618.44,382,0.382,-299,-0.299,-7953,-7.953,-15,-0.859872611464968,-1,-0.057324840764331,-6,-0.343949044585987,0,0,0
618940,618.94,392,0.392,-298,-0.298,-7954,-7.954,-18,-1.03184713375796,-5,-0.286624203821656,-6,-0.343949044585987,0,0,0
619440,619.44,391,0.391,-297,-0.297,-7956,-7.956,-13,-0.745222929936306,-6,-0.343949044585987,-3,-0.171974522292994,0,0,0
619940,619.94,388,0.388,-300,-0.3,-7949,-7.949,-15,-0.859872611464968,-3,-0.171974522292994,-4,-0.229299363057325,0,0,0
620440,620.44,389,0.389,-299,-0.299,-7946,-7.946,-16,-0.917197452229299,-3,-0.171974522292994,-6,-0.343949044585987,0,0,0
620940,620.94,394,0.394,-301,-0.301,-7960,-7.96,-13,-0.745222929936306,-4,-0.229299363057325,-7,-0.401273885350318,0,0,0
621440,621.44,390,0.39,-294,-0.294,-7939,-7.939,-18,-1.03184713375796,-4,-0.229299363057325,-3,-0.171974522292994,0,0,0
621940,621.94,387,0.387,-294,-0.294,-7949,-7.949,-18,-1.03184713375796,0,0,-5,-0.286624203821656,0,0,0
622440,622.44,385,0.385,-296,-0.296,-7957,-7.957,-15,-0.859872611464968,-3,-0.171974522292994,-6,-0.343949044585987,0,0,0
622940,622.94,390,0.39,-303,-0.303,-7955,-7.955,-19,-1.08917197452229,-2,-0.114649681528662,-6,-0.343949044585987,0,0,0
623440,623.44,391,0.391,-300,-0.3,-7956,-7.956,-17,-0.974522292993631,-2,-0.114649681528662,-4,-0.229299363057325,0,0,0
623940,623.94,387,0.387,-297,-0.297,-7944,-7.944,-18,-1.03184713375796,-5,-0.286624203821656,-3,-0.171974522292994,0,0,0
624440,624.44,397,0.397,-301,-0.301,-7948,-7.948,-14,-0.802547770700637,-4,-0.229299363057325,-7,-0.401273885350318,0,0,0
624940,624.94,392,0.392,-295,-0.295,-7950,-7.95,-17,-0.974522292993631,-3,-0.171974522292994,-2,-0.114649681528662,0,0,0
625440,625.44,391,0.391,-305,-0.305,-7959,-7.959,-16,-0.917197452229299,-2,-0.114649681528662,-5,-0.286624203821656,0,0,0
625940,625.94,391,0.391,-299,-0.299,-7953,-7.953,-14,-0.802547770700637,-4,-0.229299363057325,-5,-0.286624203821656,0,0,0
626440,626.44,390,0.39,-290,-0.29,-7957,-7.957,-17,-0.974522292993631,-2,-0.114649681528662,-4,-0.229299363057325,0,0,0
626940,626.94,391,0.391,-306,-0.306,-7960,-7.96,-19,-1.08917197452229,-2,-0.114649681528662,-2,-0.114649681528662,0,0,0
627440,627.44,393,0.393,-292,-0.292,-7963,-7.963,-18,-1.03184713375796,-4,-0.229299363057325,-5,-0.286624203821656,0,0,0
627940,627.94,390,0.39,-295,-0.295,-7952,-7.952,-17,-0.974522292993631,-8,-0.45859872611465,-4,-0.229299363057325,0,0,0
628440,628.44,388,0.388,-294,-0.294,-7958,-7.958,-18,-1.03184713375796,3,0.171974522292994,-5,-0.286624203821656,0,0,0
628940,628.94,398,0.398,-294,-0.294,-7952,-7.952,-19,-1.08917197452229,4,0.229299363057325,-5,-0.286624203821656,0,0,0
629440,629.44,378,0.378,-293,-0.293,-7957,-7.957,-13,-0.745222929936306,-18,-1.03184713375796,-9,-0.515923566878981,0,0,0
629940,629.94,385,0.385,-285,-0.285,-7951,-7.951,23,1.31847133757962,-62,-3.55414012738853,6,0.343949044585987,0,0,0
630440,630.44,453,0.453,-330,-0.33,-7958,-7.958,-1,-0.057324840764331,-7,-0.401273885350318,-5,-0.286624203821656,0,0,0
630940,630.94,433,0.433,-288,-0.288,-7950,-7.95,-12,-0.687898089171974,-1,-0.057324840764331,-3,-0.171974522292994,0,0,0
631440,631.44,355,0.355,-287,-0.287,-7947,-7.947,-1,-0.057324840764331,-22,-1.26114649681529,2,0.114649681528662,0,0,0
631940,631.94,386,0.386,-310,-0.31,-7958,-7.958,14,0.802547770700637,-97,-5.56050955414013,6,0.343949044585987,0,0,0
632440,632.44,385,0.385,-296,-0.296,-7956,-7.956,-17,-0.974522292993631,-17,-0.974522292993631,-2,-0.114649681528662,0,0,0
632940,632.94,381,0.381,-299,-0.299,-7964,-7.964,-17,-0.974522292993631,-3,-0.171974522292994,-5,-0.286624203821656,0,0,0
633440,633.44,394,0.394,-293,-0.293,-7958,-7.958,-19,-1.08917197452229,-7,-0.401273885350318,-4,-0.229299363057325,0,0,0
633940,633.94,386,0.386,-293,-0.293,-7953,-7.953,-17,-0.974522292993631,-4,-0.229299363057325,-5,-0.286624203821656,0,0,0
634440,634.44,386,0.386,-289,-0.289,-7958,-7.958,-17,-0.974522292993631,-1,-0.057324840764331,-6,-0.343949044585987,0,0,0
634940,634.94,390,0.39,-290,-0.29,-7949,-7.949,-16,-0.917197452229299,-1,-0.057324840764331,-5,-0.286624203821656,0,0,0
635440,635.44,393,0.393,-289,-0.289,-7960,-7.96,-18,-1.03184713375796,-3,-0.171974522292994,-9,-0.515923566878981,0,0,0
635940,635.94,382,0.382,-294,-0.294,-7964,-7.964,-17,-0.974522292993631,-6,-0.343949044585987,-4,-0.229299363057325,0,0,0
636440,636.44,378,0.378,-291,-0.291,-7954,-7.954,-16,-0.917197452229299,-1,-0.057324840764331,-5,-0.286624203821656,0,0,0
637440,637.44,382,0.382,-290,-0.29,-7944,-7.944,-17,-0.974522292993631,-6,-0.343949044585987,-6,-0.343949044585987,0,0,0
637940,637.94,391,0.391,-297,-0.297,-7953,-7.953,-16,-0.917197452229299,-4,-0.229299363057325,-6,-0.343949044585987,0,0,0
638440,638.44,386,0.386,-297,-0.297,-7943,-7.943,-18,-1.03184713375796,-4,-0.229299363057325,-4,-0.229299363057325,0,0,0
638940,638.94,384,0.384,-295,-0.295,-7958,-7.958,-17,-0.974522292993631,-4,-0.229299363057325,-4,-0.229299363057325,0,0,0
639440,639.44,387,0.387,-291,-0.291,-7963,-7.963,-25,-1.43312101910828,3,0.171974522292994,-9,-0.515923566878981,0,0,0
639940,639.94,385,0.385,-291,-0.291,-7956,-7.956,-20,-1.14649681528662,-4,-0.229299363057325,-4,-0.229299363057325,0,0,0
640440,640.44,393,0.393,-304,-0.304,-7956,-7.956,-16,-0.917197452229299,-5,-0.286624203821656,-7,-0.401273885350318,0,0,0
640940,640.94,390,0.39,-291,-0.291,-7961,-7.961,-18,-1.03184713375796,2,0.114649681528662,-7,-0.401273885350318,0,0,0
641440,641.44,387,0.387,-299,-0.299,-7959,-7.959,-16,-0.917197452229299,-7,-0.401273885350318,-5,-0.286624203821656,0,0,0
642140,642.14,389,0.389,-294,-0.294,-7946,-7.946,-16,-0.917197452229299,-7,-0.401273885350318,-7,-0.401273885350318,0,0,0
642640,642.64,391,0.391,-295,-0.295,-7971,-7.971,-22,-1.26114649681529,5,0.286624203821656,-7,-0.401273885350318,0,0,0
643140,643.14,388,0.388,-288,-0.288,-7958,-7.958,-15,-0.859872611464968,-10,-0.573248407643312,-4,-0.229299363057325,0,0,0
643640,643.64,386,0.386,-291,-0.291,-7962,-7.962,-17,-0.974522292993631,0,0,0,0,0,0,0
644140,644.14,388,0.388,-291,-0.291,-7950,-7.95,-14,-0.802547770700637,-5,-0.286624203821656,-4,-0.229299363057325,0,0,0
644640,644.64,387,0.387,-299,-0.299,-7957,-7.957,-18,-1.03184713375796,-3,-0.171974522292994,-3,-0.171974522292994,0,0,0
645140,645.14,386,0.386,-294,-0.294,-7949,-7.949,-17,-0.974522292993631,-2,-0.114649681528662,-3,-0.171974522292994,0,0,0
645640,645.64,386,0.386,-298,-0.298,-7957,-7.957,-21,-1.20382165605096,-3,-0.171974522292994,-3,-0.171974522292994,0,0,0
646140,646.14,397,0.397,-291,-0.291,-7957,-7.957,-18,-1.03184713375796,2,0.114649681528662,-5,-0.286624203821656,0,0,0
646640,646.64,387,0.387,-297,-0.297,-7960,-7.96,-13,-0.745222929936306,-10,-0.573248407643312,-3,-0.171974522292994,0,0,0
647140,647.14,394,0.394,-292,-0.292,-7954,-7.954,-19,-1.08917197452229,6,0.343949044585987,-3,-0.171974522292994,0,0,0
647640,647.64,383,0.383,-298,-0.298,-7959,-7.959,-16,-0.917197452229299,-9,-0.515923566878981,-2,-0.114649681528662,0,0,0
648140,648.14,392,0.392,-297,-0.297,-7959,-7.959,-16,-0.917197452229299,0,0,-5,-0.286624203821656,0,0,0
648640,648.64,390,0.39,-296,-0.296,-7964,-7.964,-19,-1.08917197452229,-1,-0.057324840764331,-2,-0.114649681528662,0,0,0
649140,649.14,383,0.383,-292,-0.292,-7940,-7.94,-13,-0.745222929936306,-8,-0.45859872611465,-1,-0.057324840764331,0,0,0
649640,649.64,389,0.389,-294,-0.294,-7957,-7.957,-18,-1.03184713375796,-6,-0.343949044585987,-2,-0.114649681528662,0,0,0
650140,650.14,387,0.387,-301,-0.301,-7948,-7.948,-17,-0.974522292993631,-3,-0.171974522292994,-2,-0.114649681528662,0,0,0
650640,650.64,393,0.393,-299,-0.299,-7956,-7.956,-18,-1.03184713375796,1,0.057324840764331,0,0,0,0,0
651140,651.14,391,0.391,-291,-0.291,-7939,-7.939,-24,-1.37579617834395,-1,-0.057324840764331,-1,-0.057324840764331,0,0,0
651640,651.64,398,0.398,-287,-0.287,-7956,-7.956,-16,-0.917197452229299,-5,-0.286624203821656,-2,-0.114649681528662,0,0,0
652140,652.14,393,0.393,-299,-0.299,-7963,-7.963,-19,-1.08917197452229,-7,-0.401273885350318,0,0,0,0,0
652640,652.64,389,0.389,-295,-0.295,-7958,-7.958,-15,-0.859872611464968,-9,-0.515923566878981,0,0,0,0,0
653140,653.14,394,0.394,-296,-0.296,-7950,-7.95,-16,-0.917197452229299,-8,-0.45859872611465,-3,-0.171974522292994,0,0,0
653640,653.64,393,0.393,-290,-0.29,-7946,-7.946,-14,-0.802547770700637,-3,-0.171974522292994,-4,-0.229299363057325,0,0,0
654140,654.14,397,0.397,-294,-0.294,-7938,-7.938,-15,-0.859872611464968,-4,-0.229299363057325,0,0,0,0,0
654640,654.64,382,0.382,-298,-0.298,-7957,-7.957,-12,-0.687898089171974,-7,-0.401273885350318,0,0,0,0,0
655140,655.14,386,0.386,-295,-0.295,-7957,-7.957,-15,-0.859872611464968,-6,-0.343949044585987,0,0,0,0,0
655640,655.64,391,0.391,-295,-0.295,-7950,-7.95,-17,-0.974522292993631,-1,-0.057324840764331,1,0.057324840764331,0,0,0
656140,656.14,386,0.386,-292,-0.292,-7955,-7.955,-18,-1.03184713375796,-2,-0.114649681528662,-2,-0.114649681528662,0,0,0
656640,656.64,388,0.388,-289,-0.289,-7967,-7.967,-16,-0.917197452229299,-5,-0.286624203821656,-3,-0.171974522292994,0,0,0
657140,657.14,390,0.39,-293,-0.293,-7953,-7.953,-18,-1.03184713375796,-4,-0.229299363057325,-1,-0.057324840764331,0,0,0
657640,657.64,405,0.405,-295,-0.295,-7955,-7.955,-15,-0.859872611464968,1,0.057324840764331,-3,-0.171974522292994,0,0,0
658140,658.14,390,0.39,-293,-0.293,-7962,-7.962,-15,-0.859872611464968,-5,-0.286624203821656,-2,-0.114649681528662,0,0,0
658640,658.64,392,0.392,-291,-0.291,-7951,-7.951,-16,-0.917197452229299,0,0,0,0,0,0,0
659140,659.14,393,0.393,-296,-0.296,-7944,-7.944,-15,-0.859872611464968,-5,-0.286624203821656,-4,-0.229299363057325,0,0,0
659640,659.64,387,0.387,-291,-0.291,-7951,-7.951,-18,-1.03184713375796,-5,-0.286624203821656,-2,-0.114649681528662,0,0,0
660140,660.14,390,0.39,-298,-0.298,-7944,-7.944,-16,-0.917197452229299,-6,-0.343949044585987,-2,-0.114649681528662,0,0,0
660640,660.64,386,0.386,-297,-0.297,-7947,-7.947,-18,-1.03184713375796,-2,-0.114649681528662,-2,-0.114649681528662,0,0,0
661140,661.14,389,0.389,-298,-0.298,-7956,-7.956,-17,-0.974522292993631,-6,-0.343949044585987,-3,-0.171974522292994,0,0,0
661640,661.64,386,0.386,-295,-0.295,-7944,-7.944,-17,-0.974522292993631,-6,-0.343949044585987,-2,-0.114649681528662,0,0,0
662140,662.14,384,0.384,-294,-0.294,-7956,-7.956,-15,-0.859872611464968,-5,-0.286624203821656,-4,-0.229299363057325,0,0,0
662640,662.64,388,0.388,-286,-0.286,-7948,-7.948,-29,-1.66242038216561,-4,-0.229299363057325,0,0,0,0,0
663140,663.14,386,0.386,-296,-0.296,-7953,-7.953,-19,-1.08917197452229,-9,-0.515923566878981,-2,-0.114649681528662,0,0,0
663640,663.64,395,0.395,-292,-0.292,-7947,-7.947,-13,-0.745222929936306,-4,-0.229299363057325,0,0,0,0,0
664140,664.14,390,0.39,-291,-0.291,-7960,-7.96,-13,-0.745222929936306,-5,-0.286624203821656,-1,-0.057324840764331,0,0,0
664640,664.64,391,0.391,-301,-0.301,-7956,-7.956,-14,-0.802547770700637,-2,-0.114649681528662,-2,-0.114649681528662,0,0,0
665140,665.14,387,0.387,-300,-0.3,-7946,-7.946,-16,-0.917197452229299,-5,-0.286624203821656,-1,-0.057324840764331,0,0,0
665640,665.64,383,0.383,-291,-0.291,-7951,-7.951,-13,-0.745222929936306,-6,-0.343949044585987,-4,-0.229299363057325,0,0,0
666140,666.14,391,0.391,-302,-0.302,-7955,-7.955,-15,-0.859872611464968,-3,-0.171974522292994,-5,-0.286624203821656,0,0,0
666640,666.64,394,0.394,-295,-0.295,-7947,-7.947,-14,-0.802547770700637,-4,-0.229299363057325,0,0,0,0,0
667140,667.14,384,0.384,-295,-0.295,-7960,-7.96,-16,-0.917197452229299,-3,-0.171974522292994,-2,-0.114649681528662,0,0,0
667650,667.65,393,0.393,-291,-0.291,-7964,-7.964,-15,-0.859872611464968,-2,-0.114649681528662,-2,-0.114649681528662,0,0,0
668140,668.14,382,0.382,-291,-0.291,-7963,-7.963,-18,-1.03184713375796,-5,-0.286624203821656,-1,-0.057324840764331,0,0,0
668640,668.64,392,0.392,-295,-0.295,-7963,-7.963,-12,-0.687898089171974,-8,-0.45859872611465,-3,-0.171974522292994,0,0,0
669140,669.14,393,0.393,-299,-0.299,-7945,-7.945,-18,-1.03184713375796,-3,-0.171974522292994,-1,-0.057324840764331,0,0,0
669640,669.64,404,0.404,-290,-0.29,-7960,-7.96,-15,-0.859872611464968,-10,-0.573248407643312,-2,-0.114649681528662,0,0,0
670140,670.14,393,0.393,-291,-0.291,-7952,-7.952,-15,-0.859872611464968,-7,-0.401273885350318,-5,-0.286624203821656,0,0,0
670640,670.64,393,0.393,-295,-0.295,-7956,-7.956,-14,-0.802547770700637,-8,-0.45859872611465,-6,-0.343949044585987,0,0,0
671140,671.14,395,0.395,-297,-0.297,-7951,-7.951,-20,-1.14649681528662,-2,-0.114649681528662,-4,-0.229299363057325,0,0,0
671640,671.64,393,0.393,-297,-0.297,-7949,-7.949,-14,-0.802547770700637,-6,-0.343949044585987,-3,-0.171974522292994,0,0,0
672140,672.14,388,0.388,-294,-0.294,-7957,-7.957,-15,-0.859872611464968,-3,-0.171974522292994,-2,-0.114649681528662,0,0,0
672640,672.64,383,0.383,-299,-0.299,-7954,-7.954,-14,-0.802547770700637,-2,-0.114649681528662,-10,-0.573248407643312,0,0,0
673140,673.14,384,0.384,-293,-0.293,-7949,-7.949,-17,-0.974522292993631,-8,-0.45859872611465,-5,-0.286624203821656,0,0,0
673640,673.64,390,0.39,-294,-0.294,-7958,-7.958,-14,-0.802547770700637,-6,-0.343949044585987,-3,-0.171974522292994,0,0,0
674140,674.14,394,0.394,-290,-0.29,-7938,-7.938,-17,-0.974522292993631,-6,-0.343949044585987,0,0,0,0,0
674640,674.64,386,0.386,-288,-0.288,-7946,-7.946,-13,-0.745222929936306,3,0.171974522292994,-6,-0.343949044585987,0,0,0
675140,675.14,385,0.385,-303,-0.303,-7966,-7.966,-14,-0.802547770700637,-9,-0.515923566878981,-4,-0.229299363057325,0,0,0
675640,675.64,382,0.382,-303,-0.303,-7953,-7.953,-14,-0.802547770700637,-4,-0.229299363057325,-5,-0.286624203821656,0,0,0
676140,676.14,387,0.387,-299,-0.299,-7948,-7.948,-15,-0.859872611464968,-2,-0.114649681528662,-3,-0.171974522292994,0,0,0
676640,676.64,377,0.377,-294,-0.294,-7948,-7.948,-14,-0.802547770700637,-5,-0.286624203821656,-2,-0.114649681528662,0,0,0
677140,677.14,391,0.391,-290,-0.29,-7961,-7.961,-16,-0.917197452229299,-3,-0.171974522292994,-3,-0.171974522292994,0,0,0
677640,677.64,391,0.391,-299,-0.299,-7952,-7.952,-16,-0.917197452229299,-6,-0.343949044585987,-4,-0.229299363057325,0,0,0
678140,678.14,388,0.388,-293,-0.293,-7949,-7.949,-17,-0.974522292993631,-4,-0.229299363057325,-4,-0.229299363057325,0,0,0
678640,678.64,391,0.391,-293,-0.293,-7946,-7.946,-15,-0.859872611464968,-4,-0.229299363057325,-3,-0.171974522292994,0,0,0
679140,679.14,395,0.395,-291,-0.291,-7945,-7.945,-13,-0.745222929936306,-4,-0.229299363057325,1,0.057324840764331,0,0,0
679640,679.64,392,0.392,-299,-0.299,-7955,-7.955,-15,-0.859872611464968,-6,-0.343949044585987,-7,-0.401273885350318,0,0,0
680140,680.14,401,0.401,-301,-0.301,-7947,-7.947,-10,-0.573248407643312,8,0.45859872611465,-6,-0.343949044585987,0,0,0
680640,680.64,393,0.393,-299,-0.299,-7944,-7.944,-18,-1.03184713375796,-8,-0.45859872611465,-7,-0.401273885350318,0,0,0
681140,681.14,379,0.379,-288,-0.288,-7952,-7.952,-18,-1.03184713375796,-2,-0.114649681528662,-3,-0.171974522292994,0,0,0
681640,681.64,386,0.386,-296,-0.296,-7961,-7.961,-15,-0.859872611464968,-2,-0.114649681528662,-6,-0.343949044585987,0,0,0
682140,682.14,388,0.388,-296,-0.296,-7955,-7.955,-15,-0.859872611464968,-3,-0.171974522292994,-5,-0.286624203821656,0,0,0
682640,682.64,387,0.387,-292,-0.292,-7944,-7.944,-16,-0.917197452229299,-1,-0.057324840764331,0,0,0,0,0
683640,683.64,379,0.379,-295,-0.295,-7966,-7.966,-15,-0.859872611464968,-5,-0.286624203821656,-6,-0.343949044585987,0,0,0
684140,684.14,391,0.391,-293,-0.293,-7959,-7.959,-17,-0.974522292993631,-3,-0.171974522292994,-3,-0.171974522292994,0,0,0
684640,684.64,388,0.388,-291,-0.291,-7964,-7.964,-18,-1.03184713375796,-5,-0.286624203821656,-4,-0.229299363057325,0,0,0
685140,685.14,380,0.38,-291,-0.291,-7950,-7.95,-16,-0.917197452229299,-4,-0.229299363057325,-4,-0.229299363057325,0,0,0
685640,685.64,385,0.385,-288,-0.288,-7944,-7.944,-19,-1.08917197452229,-4,-0.229299363057325,-7,-0.401273885350318,0,0,0
686140,686.14,391,0.391,-294,-0.294,-7949,-7.949,-24,-1.37579617834395,-2,-0.114649681528662,-4,-0.229299363057325,0,0,0
686640,686.64,394,0.394,-294,-0.294,-7952,-7.952,-16,-0.917197452229299,-4,-0.229299363057325,-2,-0.114649681528662,0,0,0
687140,687.14,388,0.388,-292,-0.292,-7953,-7.953,-17,-0.974522292993631,-1,-0.057324840764331,-5,-0.286624203821656,0,0,0
687640,687.64,388,0.388,-289,-0.289,-7958,-7.958,-17,-0.974522292993631,-4,-0.229299363057325,-10,-0.573248407643312,0,0,0
688140,688.14,394,0.394,-293,-0.293,-7963,-7.963,-18,-1.03184713375796,-4,-0.229299363057325,-5,-0.286624203821656,0,0,0
688640,688.64,391,0.391,-293,-0.293,-7960,-7.96,-16,-0.917197452229299,-6,-0.343949044585987,-4,-0.229299363057325,0,0,0
689140,689.14,388,0.388,-294,-0.294,-7956,-7.956,-18,-1.03184713375796,-6,-0.343949044585987,-4,-0.229299363057325,0,0,0
689640,689.64,391,0.391,-291,-0.291,-7962,-7.962,-18,-1.03184713375796,-3,-0.171974522292994,-6,-0.343949044585987,0,0,0
690140,690.14,387,0.387,-292,-0.292,-7963,-7.963,-17,-0.974522292993631,-5,-0.286624203821656,0,0,0,0,0
690640,690.64,388,0.388,-296,-0.296,-7959,-7.959,-19,-1.08917197452229,-3,-0.171974522292994,-6,-0.343949044585987,0,0,0
691140,691.14,388,0.388,-292,-0.292,-7949,-7.949,-16,-0.917197452229299,-3,-0.171974522292994,-3,-0.171974522292994,0,0,0
691640,691.64,371,0.371,-279,-0.279,-7960,-7.96,-17,-0.974522292993631,-1,-0.057324840764331,-2,-0.114649681528662,0,0,0
692140,692.14,390,0.39,-285,-0.285,-7954,-7.954,-16,-0.917197452229299,-3,-0.171974522292994,-7,-0.401273885350318,0,0,0
692640,692.64,385,0.385,-294,-0.294,-7953,-7.953,-16,-0.917197452229299,-1,-0.057324840764331,-7,-0.401273885350318,0,0,0
693140,693.14,387,0.387,-286,-0.286,-7955,-7.955,-19,-1.08917197452229,-4,-0.229299363057325,-5,-0.286624203821656,0,0,0
693640,693.64,394,0.394,-288,-0.288,-7958,-7.958,-18,-1.03184713375796,-4,-0.229299363057325,-7,-0.401273885350318,0,0,0
694140,694.14,385,0.385,-289,-0.289,-7953,-7.953,-18,-1.03184713375796,-3,-0.171974522292994,-7,-0.401273885350318,0,0,0
694640,694.64,388,0.388,-293,-0.293,-7957,-7.957,-16,-0.917197452229299,-5,-0.286624203821656,-3,-0.171974522292994,0,0,0
695140,695.14,388,0.388,-297,-0.297,-7966,-7.966,-18,-1.03184713375796,-7,-0.401273885350318,-5,-0.286624203821656,0,0,0
695640,695.64,388,0.388,-284,-0.284,-7944,-7.944,-18,-1.03184713375796,-5,-0.286624203821656,-12,-0.687898089171974,0,0,0
696140,696.14,393,0.393,-292,-0.292,-7950,-7.95,-18,-1.03184713375796,-3,-0.171974522292994,-5,-0.286624203821656,0,0,0
696640,696.64,389,0.389,-295,-0.295,-7956,-7.956,-13,-0.745222929936306,-1,-0.057324840764331,-4,-0.229299363057325,0,0,0
697340,697.34,393,0.393,-296,-0.296,-7957,-7.957,-16,-0.917197452229299,-3,-0.171974522292994,-10,-0.573248407643312,0,0,0
697840,697.84,390,0.39,-296,-0.296,-7961,-7.961,-12,-0.687898089171974,-9,-0.515923566878981,-4,-0.229299363057325,0,0,0
698340,698.34,384,0.384,-300,-0.3,-7951,-7.951,-20,-1.14649681528662,-5,-0.286624203821656,-6,-0.343949044585987,0,0,0
698840,698.84,386,0.386,-293,-0.293,-7961,-7.961,-17,-0.974522292993631,-5,-0.286624203821656,-6,-0.343949044585987,0,0,0
699340,699.34,382,0.382,-286,-0.286,-7946,-7.946,-18,-1.03184713375796,-3,-0.171974522292994,-5,-0.286624203821656,0,0,0
699840,699.84,381,0.381,-303,-0.303,-7945,-7.945,-18,-1.03184713375796,-3,-0.171974522292994,-2,-0.114649681528662,0,0,0
700340,700.34,389,0.389,-296,-0.296,-7956,-7.956,-15,-0.859872611464968,-2,-0.114649681528662,-4,-0.229299363057325,0,0,0
700840,700.84,385,0.385,-287,-0.287,-7956,-7.956,-19,-1.08917197452229,-2,-0.114649681528662,-9,-0.515923566878981,0,0,0
701340,701.34,388,0.388,-288,-0.288,-7957,-7.957,-17,-0.974522292993631,-3,-0.171974522292994,-10,-0.573248407643312,0,0,0
701840,701.84,389,0.389,-300,-0.3,-7949,-7.949,-19,-1.08917197452229,-2,-0.114649681528662,-1,-0.057324840764331,0,0,0
702340,702.34,393,0.393,-298,-0.298,-7951,-7.951,-17,-0.974522292993631,-1,-0.057324840764331,-5,-0.286624203821656,0,0,0
703340,703.34,387,0.387,-293,-0.293,-7958,-7.958,-17,-0.974522292993631,-1,-0.057324840764331,-5,-0.286624203821656,0,0,0
703840,703.84,399,0.399,-291,-0.291,-7954,-7.954,-20,-1.14649681528662,-1,-0.057324840764331,-3,-0.171974522292994,0,0,0
704340,704.34,381,0.381,-295,-0.295,-7944,-7.944,-14,-0.802547770700637,-8,-0.45859872611465,-9,-0.515923566878981,0,0,0
704840,704.84,391,0.391,-288,-0.288,-7946,-7.946,-18,-1.03184713375796,-6,-0.343949044585987,-7,-0.401273885350318,0,0,0
705340,705.34,390,0.39,-289,-0.289,-7968,-7.968,-17,-0.974522292993631,-3,-0.171974522292994,-7,-0.401273885350318,0,0,0
705840,705.84,391,0.391,-290,-0.29,-7958,-7.958,-15,-0.859872611464968,-6,-0.343949044585987,-3,-0.171974522292994,0,0,0
706340,706.34,391,0.391,-293,-0.293,-7941,-7.941,-19,-1.08917197452229,-5,-0.286624203821656,-6,-0.343949044585987,0,0,0
706840,706.84,391,0.391,-293,-0.293,-7951,-7.951,-18,-1.03184713375796,-4,-0.229299363057325,-5,-0.286624203821656,0,0,0
707340,707.34,393,0.393,-297,-0.297,-7958,-7.958,-17,-0.974522292993631,-4,-0.229299363057325,-3,-0.171974522292994,0,0,0
707840,707.84,379,0.379,-292,-0.292,-7957,-7.957,-17,-0.974522292993631,-3,-0.171974522292994,-5,-0.286624203821656,0,0,0
708340,708.34,390,0.39,-291,-0.291,-7961,-7.961,-19,-1.08917197452229,-4,-0.229299363057325,-5,-0.286624203821656,0,0,0
708840,708.84,387,0.387,-295,-0.295,-7965,-7.965,-15,-0.859872611464968,-6,-0.343949044585987,-7,-0.401273885350318,0,0,0
709340,709.34,391,0.391,-287,-0.287,-7964,-7.964,-25,-1.43312101910828,0,0,-7,-0.401273885350318,0,0,0
709840,709.84,383,0.383,-291,-0.291,-7974,-7.974,-16,-0.917197452229299,-4,-0.229299363057325,-5,-0.286624203821656,0,0,0
710340,710.34,392,0.392,-295,-0.295,-7966,-7.966,-17,-0.974522292993631,2,0.114649681528662,-5,-0.286624203821656,0,0,0
710840,710.84,389,0.389,-290,-0.29,-7958,-7.958,-15,-0.859872611464968,-5,-0.286624203821656,-4,-0.229299363057325,0,0,0
711340,711.34,383,0.383,-299,-0.299,-7956,-7.956,-18,-1.03184713375796,-6,-0.343949044585987,-9,-0.515923566878981,0,0,0
711840,711.84,391,0.391,-293,-0.293,-7956,-7.956,-16,-0.917197452229299,-5,-0.286624203821656,-7,-0.401273885350318,0,0,0
712340,712.34,390,0.39,-291,-0.291,-7958,-7.958,-18,-1.03184713375796,-1,-0.057324840764331,-13,-0.745222929936306,0,0,0
712840,712.84,394,0.394,-299,-0.299,-7947,-7.947,-15,-0.859872611464968,-5,-0.286624203821656,-5,-0.286624203821656,0,0,0
713340,713.34,379,0.379,-294,-0.294,-7955,-7.955,-20,-1.14649681528662,-3,-0.171974522292994,-5,-0.286624203821656,0,0,0
713840,713.84,388,0.388,-287,-0.287,-7963,-7.963,-21,-1.20382165605096,-1,-0.057324840764331,-4,-0.229299363057325,0,0,0
714340,714.34,398,0.398,-287,-0.287,-7962,-7.962,-19,-1.08917197452229,-3,-0.171974522292994,-10,-0.573248407643312,0,0,0
714840,714.84,392,0.392,-299,-0.299,-7959,-7.959,-16,-0.917197452229299,-5,-0.286624203821656,-6,-0.343949044585987,0,0,0
715340,715.34,386,0.386,-292,-0.292,-7960,-7.96,-22,-1.26114649681529,-3,-0.171974522292994,-10,-0.573248407643312,0,0,0
715840,715.84,398,0.398,-286,-0.286,-7961,-7.961,-18,-1.03184713375796,-5,-0.286624203821656,-4,-0.229299363057325,0,0,0
716340,716.34,384,0.384,-298,-0.298,-7955,-7.955,-15,-0.859872611464968,0,0,-6,-0.343949044585987,0,0,0
716840,716.84,387,0.387,-302,-0.302,-7953,-7.953,-17,-0.974522292993631,-6,-0.343949044585987,-3,-0.171974522292994,0,0,0
717340,717.34,392,0.392,-290,-0.29,-7958,-7.958,-16,-0.917197452229299,-3,-0.171974522292994,-5,-0.286624203821656,0,0,0
717840,717.84,388,0.388,-293,-0.293,-7947,-7.947,-15,-0.859872611464968,-5,-0.286624203821656,-3,-0.171974522292994,0,0,0
718340,718.34,390,0.39,-288,-0.288,-7956,-7.956,-15,-0.859872611464968,-7,-0.401273885350318,-7,-0.401273885350318,0,0,0
718840,718.84,395,0.395,-290,-0.29,-7960,-7.96,-15,-0.859872611464968,-6,-0.343949044585987,-1,-0.057324840764331,0,0,0
719340,719.34,392,0.392,-297,-0.297,-7953,-7.953,-17,-0.974522292993631,-8,-0.45859872611465,-3,-0.171974522292994,0,0,0
719840,719.84,386,0.386,-291,-0.291,-7947,-7.947,-18,-1.03184713375796,-4,-0.229299363057325,-5,-0.286624203821656,0,0,0
720340,720.34,375,0.375,-292,-0.292,-7954,-7.954,-26,-1.49044585987261,13,0.745222929936306,0,0,0,0,0
720840,720.84,-176,-0.176,-450,-0.45,-8767,-8.767,-2584,-148.127388535032,-3670,-210.382165605096,4593,263.292993630573,0,0,0
721340,721.34,2613,2.613,-388,-0.388,-9366,-9.366,-1308,-74.9808917197452,4234,242.713375796178,3733,213.993630573248,0,0,0
721840,721.84,4468,4.468,-1133,-1.133,-8152,-8.152,-2350,-134.713375796178,6724,385.452229299363,8585,492.133757961784,0,0,0
722340,722.34,3822,3.822,-2514,-2.514,-4838,-4.838,-4180,-239.617834394904,-970,-55.6050955414013,11079,635.101910828025,0,0,0
722840,722.84,341,0.341,-5236,-5.236,-6446,-6.446,3247,186.133757961783,-5554,-318.382165605095,1806,103.528662420382,0,0,0
723340,723.34,-414,-0.414,-5128,-5.128,-4363,-4.363,4857,278.426751592357,2730,156.496815286624,-3081,-176.617834394904,0,0,0
723840,723.84,2135,2.135,-7936,-7.936,-1832,-1.832,9947,570.210191082802,3328,190.777070063694,1366,78.3057324840764,0,0,0
724340,724.34,-294,-0.294,-6788,-6.788,2254,2.254,5340,306.114649681529,-9337,-535.24203821656,1399,80.1974522292994,0,0,0
724840,724.84,114,0.114,-8074,-8.074,1839,1.839,-226,-12.9554140127389,2777,159.191082802548,-2243,-128.579617834395,0,0,0
725340,725.34,825,0.825,-7212,-7.212,1241,1.241,-2582,-148.012738853503,-1665,-95.4458598726115,4186,239.96178343949,0,0,0
725840,725.84,-1071,-1.071,-8201,-8.201,-859,-0.859,-1720,-98.5987261146497,-375,-21.4968152866242,2837,162.630573248408,0,0,0
726340,726.34,-2624,-2.624,-7343,-7.343,81,0.081,503,28.8343949044586,-707,-40.5286624203822,1225,70.2229299363057,0,0,0
726840,726.84,-1477,-1.477,-7659,-7.659,-2751,-2.751,-1039,-59.5605095541401,-7303,-418.643312101911,1527,87.5350318471338,0,0,0
727340,727.34,-3513,-3.513,-7129,-7.129,-2491,-2.491,-3558,-203.96178343949,-2912,-166.929936305732,1869,107.140127388535,0,0,0
727840,727.84,-3761,-3.761,-6287,-6.287,-1733,-1.733,1015,58.1847133757962,990,56.7515923566879,1036,59.3885350318471,0,0,0
728340,728.34,-4336,-4.336,-6150,-6.15,-396,-0.396,2895,165.955414012739,2910,166.815286624204,-1186,-67.9872611464968,0,0,0
728840,728.84,-3390,-3.39,-7091,-7.091,536,0.536,1921,110.12101910828,751,43.0509554140127,-783,-44.8853503184713,0,0,0
729340,729.34,-2908,-2.908,-7272,-7.272,909,0.909,294,16.8535031847134,654,37.4904458598726,-804,-46.0891719745223,0,0,0
729840,729.84,-2984,-2.984,-7187,-7.187,769,0.769,182,10.4331210191083,630,36.1146496815287,958,54.9171974522293,0,0,0
730340,730.34,-3237,-3.237,-7168,-7.168,920,0.92,478,27.4012738853503,-60,-3.43949044585987,304,17.4267515923567,0,0,0
730840,730.84,-3104,-3.104,-6912,-6.912,913,0.913,83,4.75796178343949,319,18.2866242038217,-99,-5.67515923566879,0,0,0
731340,731.34,-3145,-3.145,-7183,-7.183,1158,1.158,1488,85.2993630573248,736,42.1910828025478,93,5.3312101910828,0,0,0
731840,731.84,-2833,-2.833,-7134,-7.134,939,0.939,23,1.31847133757962,-553,-31.7006369426752,-123,-7.05095541401274,0,0,0
732340,732.34,-2536,-2.536,-7310,-7.31,1054,1.054,409,23.4458598726115,-79,-4.52866242038217,14,0.802547770700637,0,0,0
732840,732.84,-2620,-2.62,-7282,-7.282,975,0.975,-60,-3.43949044585987,-143,-8.19745222929936,-354,-20.2929936305732,0,0,0
733340,733.34,-2483,-2.483,-7274,-7.274,1207,1.207,659,37.7770700636943,-1272,-72.9171974522293,-267,-15.3057324840764,0,0,0
733840,733.84,-1887,-1.887,-7165,-7.165,217,0.217,-5828,-334.089171974522,-548,-31.4140127388535,-870,-49.8726114649682,0,0,0
734340,734.34,580,0.58,-7029,-7.029,-3115,-3.115,-6826,-391.299363057325,763,43.7388535031847,-7305,-418.75796178344,0,0,0
734840,734.84,1381,1.381,-6174,-6.174,-5572,-5.572,-4211,-241.394904458599,1064,60.9936305732484,-5710,-327.324840764331,0,0,0
735340,735.34,1841,1.841,-1462,-1.462,-8105,-8.105,-6906,-395.885350318471,-4611,-264.324840764331,-3764,-215.770700636943,0,0,0
735840,735.84,1918,1.918,401,0.401,-7882,-7.882,-840,-48.1528662420382,7036,403.337579617834,-1274,-73.031847133758,0,0,0
736340,736.34,2528,2.528,455,0.455,-7875,-7.875,1001,57.3821656050955,-6514,-373.414012738853,1351,77.4458598726115,0,0,0
736840,736.84,17,0.017,620,0.62,-7757,-7.757,-1556,-89.1974522292994,-241,-13.8152866242038,1023,58.6433121019108,0,0,0
737340,737.34,216,0.216,428,0.428,-8214,-8.214,-2406,-137.923566878981,-7741,-443.751592356688,-2846,-163.146496815287,0,0,0
737840,737.84,-1125,-1.125,494,0.494,-7670,-7.67,-3841,-220.184713375796,-2701,-154.834394904459,806,46.203821656051,0,0,0
738340,738.34,-931,-0.931,53,0.053,-7860,-7.86,2355,135,-1192,-68.3312101910828,-5143,-294.821656050955,0,0,0
738840,738.84,-1618,-1.618,-1725,-1.725,-7571,-7.571,-689,-39.4968152866242,-540,-30.9554140127389,-209,-11.9808917197452,0,0,0
739340,739.34,-1724,-1.724,-626,-0.626,-7718,-7.718,-873,-50.0445859872611,-186,-10.6624203821656,130,7.45222929936306,0,0,0
739840,739.84,-1426,-1.426,-1202,-1.202,-7651,-7.651,-69,-3.95541401273885,2,0.114649681528662,70,4.01273885350319,0,0,0
740340,740.34,-1436,-1.436,-1350,-1.35,-7640,-7.64,169,9.68789808917198,-90,-5.15923566878981,-126,-7.22292993630573,0,0,0
740840,740.84,-1452,-1.452,-1710,-1.71,-7559,-7.559,1231,70.5668789808917,-77,-4.4140127388535,-3,-0.171974522292994,0,0,0
741340,741.34,-1292,-1.292,-1413,-1.413,-7731,-7.731,-456,-26.140127388535,-140,-8.02547770700637,327,18.7452229299363,0,0,0
741840,741.84,-1850,-1.85,-1974,-1.974,-7829,-7.829,67,3.84076433121019,-440,-25.2229299363057,-25,-1.43312101910828,0,0,0
742340,742.34,-1170,-1.17,-2063,-2.063,-7423,-7.423,489,28.031847133758,-243,-13.9299363057325,-245,-14.0445859872611,0,0,0
742840,742.84,-1327,-1.327,-2325,-2.325,-7476,-7.476,1230,70.5095541401274,158,9.05732484076433,-451,-25.8535031847134,0,0,0
743340,743.34,-1432,-1.432,-2218,-2.218,-7565,-7.565,84,4.81528662420382,-52,-2.98089171974522,-32,-1.8343949044586,0,0,0
743840,743.84,-1069,-1.069,-2160,-2.16,-7457,-7.457,-555,-31.8152866242038,383,21.9554140127389,385,22.0700636942675,0,0,0
744340,744.34,-1607,-1.607,-2192,-2.192,-7522,-7.522,368,21.0955414012739,-150,-8.59872611464968,-251,-14.3885350318471,0,0,0
744840,744.84,-1238,-1.238,-2446,-2.446,-7378,-7.378,770,44.140127388535,92,5.27388535031847,-276,-15.8216560509554,0,0,0
745340,745.34,-1152,-1.152,-3461,-3.461,-6997,-6.997,746,42.7643312101911,-75,-4.29936305732484,131,7.50955414012739,0,0,0
745840,745.84,-1519,-1.519,-2918,-2.918,-7136,-7.136,-1614,-92.5222929936306,-481,-27.5732484076433,2411,138.210191082803,0,0,0
746340,746.34,-1785,-1.785,-1950,-1.95,-7412,-7.412,-641,-36.7452229299363,569,32.6178343949045,408,23.3885350318471,0,0,0
746840,746.84,-1449,-1.449,-1996,-1.996,-7514,-7.514,836,47.9235668789809,-591,-33.8789808917197,35,2.00636942675159,0,0,0
747340,747.34,-1152,-1.152,-1675,-1.675,-7643,-7.643,-5415,-310.414012738853,3157,180.974522292994,-141,-8.0828025477707,0,0,0
747840,747.84,1295,1.295,4062,4.062,-6884,-6.884,-3458,-198.229299363057,1196,68.5605095541401,263,15.0764331210191,0,0,0
748340,748.34,1023,1.023,3424,3.424,-7091,-7.091,-1710,-98.0254777070064,1255,71.9426751592357,119,6.82165605095541,0,0,0
748840,748.84,1840,1.84,4084,4.084,-6689,-6.689,-6018,-344.980891719745,4008,229.757961783439,1750,100.31847133758,0,0,0
749340,749.34,2502,2.502,5410,5.41,-6821,-6.821,-3042,-174.382165605096,-5454,-312.649681528662,3076,176.331210191083,0,0,0
749840,749.84,1094,1.094,5531,5.531,-4603,-4.603,-2478,-142.050955414013,-2806,-160.853503184713,5851,335.407643312102,0,0,0
750340,750.34,2223,2.223,5051,5.051,-5346,-5.346,219,12.5541401273885,-2956,-169.452229299363,475,27.2292993630573,0,0,0
750840,750.84,2463,2.463,6281,6.281,-2750,-2.75,-1905,-109.203821656051,661,37.8917197452229,1292,74.0636942675159,0,0,0
751340,751.34,3102,3.102,7211,7.211,-2114,-2.114,695,39.8407643312102,-671,-38.4649681528662,-1497,-85.8152866242038,0,0,0
751980,751.98,3257,3.257,7290,7.29,-2094,-2.094,359,20.5796178343949,-154,-8.82802547770701,185,10.6050955414013,0,0,0
752440,752.44,3166,3.166,7083,7.083,-2040,-2.04,219,12.5541401273885,-356,-20.4076433121019,498,28.5477707006369,0,0,0
752940,752.94,3113,3.113,7264,7.264,-2075,-2.075,-55,-3.15286624203822,142,8.14012738853503,119,6.82165605095541,0,0,0
753440,753.44,3127,3.127,7230,7.23,-1958,-1.958,62,3.55414012738853,-53,-3.03821656050955,400,22.9299363057325,0,0,0
753940,753.94,3374,3.374,7120,7.12,-1947,-1.947,85,4.87261146496815,-5,-0.286624203821656,348,19.9490445859873,0,0,0
754440,754.44,3368,3.368,7225,7.225,-2065,-2.065,-40,-2.29299363057325,-24,-1.37579617834395,-26,-1.49044585987261,0,0,0
754940,754.94,3370,3.37,7185,7.185,-2032,-2.032,-79,-4.52866242038217,44,2.52229299363057,-154,-8.82802547770701,0,0,0
755440,755.44,3365,3.365,7079,7.079,-2056,-2.056,39,2.23566878980892,-109,-6.2484076433121,161,9.22929936305733,0,0,0
755940,755.94,3341,3.341,7054,7.054,-2065,-2.065,35,2.00636942675159,81,4.64331210191083,251,14.3885350318471,0,0,0
756440,756.44,3275,3.275,7111,7.111,-2002,-2.002,-162,-9.28662420382166,70,4.01273885350319,-262,-15.0191082802548,0,0,0
756940,756.94,3401,3.401,7180,7.18,-1994,-1.994,45,2.5796178343949,-95,-5.44585987261147,247,14.1592356687898,0,0,0
757440,757.44,3358,3.358,7137,7.137,-2027,-2.027,83,4.75796178343949,75,4.29936305732484,59,3.38216560509554,0,0,0
757940,757.94,3328,3.328,7127,7.127,-2018,-2.018,-71,-4.07006369426752,45,2.5796178343949,150,8.59872611464968,0,0,0
758440,758.44,3313,3.313,7182,7.182,-1917,-1.917,19,1.08917197452229,2,0.114649681528662,-23,-1.31847133757962,0,0,0
758940,758.94,3363,3.363,7163,7.163,-1958,-1.958,-42,-2.40764331210191,13,0.745222929936306,-108,-6.19108280254777,0,0,0
759440,759.44,3376,3.376,7097,7.097,-1976,-1.976,-151,-8.65605095541401,-38,-2.17834394904459,36,2.06369426751592,0,0,0
759940,759.94,3309,3.309,7129,7.129,-2053,-2.053,21,1.20382165605096,72,4.12738853503185,-196,-11.2356687898089,0,0,0
760440,760.44,3298,3.298,7116,7.116,-2068,-2.068,-96,-5.5031847133758,92,5.27388535031847,-28,-1.60509554140127,0,0,0
760940,760.94,3333,3.333,7174,7.174,-2000,-2,0,0,-25,-1.43312101910828,-345,-19.7770700636943,0,0,0
761440,761.44,3310,3.31,7103,7.103,-2058,-2.058,83,4.75796178343949,-40,-2.29299363057325,163,9.34394904458599,0,0,0
761940,761.94,3879,3.879,7471,7.471,-2328,-2.328,940,53.8853503184713,181,10.3757961783439,1225,70.2229299363057,0,0,0
762440,762.44,2837,2.837,4983,4.983,-2814,-2.814,12720,729.171974522293,967,55.4331210191083,741,42.4777070063694,0,0,0
762940,762.94,2108,2.108,5612,5.612,-5467,-5.467,11445,656.082802547771,405,23.2165605095541,176,10.0891719745223,0,0,0
763440,763.44,3509,3.509,1163,1.163,-6971,-6.971,9497,544.414012738853,2330,133.566878980892,6531,374.388535031847,0,0,0
763940,763.94,3833,3.833,-244,-0.244,-7162,-7.162,-877,-50.2738853503185,146,8.36942675159236,37,2.12101910828025,0,0,0
764440,764.44,3967,3.967,117,0.117,-7019,-7.019,-351,-20.1210191082803,303,17.3694267515924,-5,-0.286624203821656,0,0,0
764940,764.94,4178,4.178,165,0.165,-6969,-6.969,-165,-9.45859872611465,337,19.3184713375796,119,6.82165605095541,0,0,0
765440,765.44,4226,4.226,70,0.07,-6918,-6.918,310,17.7707006369427,-133,-7.62420382165605,234,13.4140127388535,0,0,0
765940,765.94,4129,4.129,36,0.036,-6964,-6.964,389,22.2993630573248,383,21.9554140127389,97,5.56050955414013,0,0,0
766440,766.44,4217,4.217,-28,-0.028,-6927,-6.927,-179,-10.2611464968153,79,4.52866242038217,11,0.630573248407643,0,0,0
766940,766.94,4225,4.225,56,0.056,-6930,-6.93,-292,-16.7388535031847,373,21.3821656050955,27,1.54777070063694,0,0,0
767440,767.44,4202,4.202,-71,-0.071,-6991,-6.991,87,4.98726114649682,-51,-2.92356687898089,4,0.229299363057325,0,0,0
767940,767.94,4405,4.405,-563,-0.563,-6806,-6.806,894,51.2484076433121,809,46.375796178344,-143,-8.19745222929936,0,0,0
768440,768.44,5349,5.349,-761,-0.761,-6181,-6.181,592,33.9363057324841,921,52.796178343949,243,13.9299363057325,0,0,0
768940,768.94,6075,6.075,-970,-0.97,-5596,-5.596,861,49.3566878980892,1188,68.1019108280255,-116,-6.64968152866242,0,0,0
769440,769.44,6964,6.964,-164,-0.164,-4611,-4.611,340,19.4904458598726,936,53.656050955414,800,45.859872611465,0,0,0
769950,769.95,7077,7.077,621,0.621,-4186,-4.186,734,42.0764331210191,-756,-43.3375796178344,610,34.968152866242,0,0,0
770440,770.44,6619,6.619,-310,-0.31,-4876,-4.876,2403,137.751592356688,-1742,-99.859872611465,-143,-8.19745222929936,0,0,0
770940,770.94,7002,7.002,-567,-0.567,-4334,-4.334,172,9.85987261146497,43,2.46496815286624,-316,-18.1146496815287,0,0,0
771440,771.44,6976,6.976,-604,-0.604,-4252,-4.252,0,0,25,1.43312101910828,-220,-12.6114649681529,0,0,0
771940,771.94,7037,7.037,-943,-0.943,-4164,-4.164,186,10.6624203821656,109,6.2484076433121,402,23.0445859872611,0,0,0
772440,772.44,7039,7.039,-862,-0.862,-4152,-4.152,133,7.62420382165605,25,1.43312101910828,204,11.6942675159236,0,0,0
772940,772.94,6977,6.977,-608,-0.608,-4306,-4.306,-291,-16.6815286624204,-87,-4.98726114649682,-191,-10.9490445859873,0,0,0
773450,773.45,7018,7.018,-874,-0.874,-4162,-4.162,218,12.4968152866242,221,12.6687898089172,64,3.6687898089172,0,0,0
773940,773.94,7054,7.054,-493,-0.493,-4291,-4.291,-111,-6.36305732484076,-93,-5.3312101910828,-385,-22.0700636942675,0,0,0
774440,774.44,7104,7.104,-519,-0.519,-4223,-4.223,-175,-10.031847133758,-48,-2.7515923566879,0,0,0,0,0
774940,774.94,7054,7.054,-373,-0.373,-4379,-4.379,-219,-12.5541401273885,-101,-5.78980891719745,-851,-48.7834394904459,0,0,0
775440,775.44,7139,7.139,-451,-0.451,-4225,-4.225,-84,-4.81528662420382,-45,-2.5796178343949,111,6.36305732484076,0,0,0
775940,775.94,6997,6.997,-204,-0.204,-4351,-4.351,-327,-18.7452229299363,-218,-12.4968152866242,-509,-29.1783439490446,0,0,0
776440,776.44,7081,7.081,-240,-0.24,-4260,-4.26,126,7.22292993630573,81,4.64331210191083,242,13.8726114649682,0,0,0
776940,776.94,7000,7,-148,-0.148,-4328,-4.328,-217,-12.4394904458599,-119,-6.82165605095541,-696,-39.8980891719745,0,0,0
777440,777.44,7073,7.073,59,0.059,-4298,-4.298,141,8.0828025477707,-17,-0.974522292993631,-477,-27.343949044586,0,0,0
777940,777.94,6996,6.996,199,0.199,-4333,-4.333,-16,-0.917197452229299,-104,-5.96178343949045,-290,-16.6242038216561,0,0,0
778440,778.44,6959,6.959,281,0.281,-4404,-4.404,-46,-2.63694267515924,-83,-4.75796178343949,-123,-7.05095541401274,0,0,0
778940,778.94,7060,7.06,218,0.218,-4370,-4.37,60,3.43949044585987,10,0.573248407643312,241,13.8152866242038,0,0,0
779440,779.44,6966,6.966,333,0.333,-4307,-4.307,-480,-27.515923566879,-174,-9.97452229299363,-1136,-65.1210191082803,0,0,0
779940,779.94,6983,6.983,473,0.473,-4478,-4.478,-84,-4.81528662420382,-42,-2.40764331210191,-366,-20.9808917197452,0,0,0
780440,780.44,6951,6.951,805,0.805,-4337,-4.337,-110,-6.30573248407643,15,0.859872611464968,-248,-14.2165605095541,0,0,0
780940,780.94,6903,6.903,1057,1.057,-4390,-4.39,-280,-16.0509554140127,-4,-0.229299363057325,-772,-44.2547770700637,0,0,0
781440,781.44,6753,6.753,1435,1.435,-4490,-4.49,38,2.17834394904459,55,3.15286624203822,-1439,-82.4904458598726,0,0,0
781940,781.94,6858,6.858,1534,1.534,-4478,-4.478,-158,-9.05732484076433,-106,-6.07643312101911,-305,-17.484076433121,0,0,0
782440,782.44,6849,6.849,1583,1.583,-4308,-4.308,-297,-17.0254777070064,37,2.12101910828025,39,2.23566878980892,0,0,0
782940,782.94,6762,6.762,1636,1.636,-4487,-4.487,-156,-8.94267515923567,-56,-3.21019108280255,-114,-6.53503184713376,0,0,0
783440,783.44,6726,6.726,1537,1.537,-4497,-4.497,200,11.4649681528662,-21,-1.20382165605096,193,11.0636942675159,0,0,0
783940,783.94,6787,6.787,1526,1.526,-4386,-4.386,-81,-4.64331210191083,-34,-1.94904458598726,142,8.14012738853503,0,0,0
784440,784.44,6817,6.817,1384,1.384,-4395,-4.395,-574,-32.9044585987261,130,7.45222929936306,875,50.1592356687898,0,0,0
784940,784.94,7031,7.031,1461,1.461,-4304,-4.304,20,1.14649681528662,55,3.15286624203822,22,1.26114649681529,0,0,0
785440,785.44,6838,6.838,1542,1.542,-4328,-4.328,111,6.36305732484076,11,0.630573248407643,343,19.6624203821656,0,0,0
785940,785.94,6825,6.825,1772,1.772,-4325,-4.325,72,4.12738853503185,-69,-3.95541401273885,-421,-24.1337579617834,0,0,0
786440,786.44,6783,6.783,1774,1.774,-4240,-4.24,-24,-1.37579617834395,-129,-7.39490445859873,70,4.01273885350319,0,0,0
786940,786.94,6584,6.584,2617,2.617,-4061,-4.061,166,9.51592356687898,92,5.27388535031847,-1303,-74.6942675159236,0,0,0
787440,787.44,6333,6.333,3096,3.096,-4109,-4.109,-270,-15.4777070063694,-342,-19.6050955414013,382,21.8980891719745,0,0,0
787940,787.94,6410,6.41,3184,3.184,-4231,-4.231,-577,-33.0764331210191,7,0.401273885350318,-199,-11.4076433121019,0,0,0
788440,788.44,6257,6.257,3459,3.459,-4075,-4.075,-511,-29.2929936305732,-270,-15.4777070063694,-423,-24.2484076433121,0,0,0
788940,788.94,6201,6.201,3516,3.516,-4105,-4.105,-212,-12.1528662420382,-411,-23.5605095541401,56,3.21019108280255,0,0,0
789440,789.44,6324,6.324,3865,3.865,-3902,-3.902,-239,-13.7006369426752,-87,-4.98726114649682,-229,-13.1273885350318,0,0,0
789940,789.94,6264,6.264,3810,3.81,-3827,-3.827,-113,-6.47770700636943,210,12.0382165605096,-236,-13.5286624203822,0,0,0
790440,790.44,6290,6.29,3545,3.545,-4020,-4.02,22,1.26114649681529,-83,-4.75796178343949,539,30.8980891719745,0,0,0
790940,790.94,6333,6.333,3615,3.615,-3833,-3.833,15,0.859872611464968,84,4.81528662420382,-224,-12.8407643312102,0,0,0
791440,791.44,6228,6.228,3835,3.835,-3780,-3.78,-488,-27.9745222929936,-43,-2.46496815286624,-586,-33.5923566878981,0,0,0
791940,791.94,5714,5.714,4739,4.739,-3570,-3.57,-1206,-69.1337579617834,359,20.5796178343949,-2683,-153.802547770701,0,0,0
792440,792.44,6309,6.309,3406,3.406,-4198,-4.198,8067,462.43949044586,-3204,-183.668789808917,12245,701.942675159236,0,0,0
792940,792.94,6708,6.708,2619,2.619,-4245,-4.245,-1384,-79.3375796178344,-173,-9.9171974522293,-9052,-518.904458598726,0,0,0
793440,793.44,5542,5.542,1079,1.079,-5632,-5.632,3315,190.031847133758,-3005,-172.261146496815,-2525,-144.745222929936,0,0,0
793940,793.94,4183,4.183,3085,3.085,-5875,-5.875,1028,58.9299363057325,1130,64.7770700636943,-823,-47.1783439490446,0,0,0
794440,794.44,3507,3.507,1129,1.129,-7095,-7.095,3685,211.242038216561,-4942,-283.299363057325,4179,239.56050955414,0,0,0
794940,794.94,3760,3.76,261,0.261,-7754,-7.754,-3707,-212.503184713376,-1735,-99.4585987261147,126,7.22292993630573,0,0,0
795440,795.44,524,0.524,5132,5.132,-8284,-8.284,-6933,-397.433121019108,-9485,-543.726114649681,7155,410.15923566879,0,0,0
795940,795.94,-4268,-4.268,3843,3.843,-4303,-4.303,-1307,-74.9235668789809,-9775,-560.350318471338,5830,334.203821656051,0,0,0
796440,796.44,-3697,-3.697,5589,5.589,-3324,-3.324,588,33.7070063694267,-772,-44.2547770700637,-219,-12.5541401273885,0,0,0
796940,796.94,-3130,-3.13,6529,6.529,-3605,-3.605,-2908,-166.700636942675,-1392,-79.796178343949,-3501,-200.694267515924,0,0,0
797440,797.44,-4998,-4.998,5225,5.225,-3375,-3.375,-221,-12.6687898089172,83,4.75796178343949,73,4.18471337579618,0,0,0
797940,797.94,-4555,-4.555,5586,5.586,-3080,-3.08,-264,-15.1337579617834,106,6.07643312101911,349,20.0063694267516,0,0,0
798440,798.44,-4604,-4.604,5708,5.708,-3166,-3.166,-872,-49.9872611464968,226,12.9554140127389,282,16.1656050955414,0,0,0
798940,798.94,-4382,-4.382,5428,5.428,-3459,-3.459,73,4.18471337579618,663,38.0063694267516,1028,58.9299363057325,0,0,0
799440,799.44,-4059,-4.059,5791,5.791,-3301,-3.301,261,14.9617834394904,291,16.6815286624204,-554,-31.7579617834395,0,0,0
799940,799.94,-4461,-4.461,5648,5.648,-3388,-3.388,846,48.4968152866242,-91,-5.21656050955414,-463,-26.5414012738853,0,0,0
800440,800.44,-4389,-4.389,5989,5.989,-3201,-3.201,-174,-9.97452229299363,-583,-33.4203821656051,-242,-13.8726114649682,0,0,0
800940,800.94,-4603,-4.603,6273,6.273,-2776,-2.776,195,11.1783439490446,330,18.9171974522293,-1269,-72.7452229299363,0,0,0
801440,801.44,-4352,-4.352,5571,5.571,-2867,-2.867,-461,-26.4267515923567,-1274,-73.031847133758,-2878,-164.980891719745,0,0,0
802470,802.47,-4841,-4.841,5233,5.233,-2682,-2.682,-592,-33.9363057324841,-953,-54.6305732484076,-1545,-88.5668789808917,0,0,0
802940,802.94,-5508,-5.508,5788,5.788,-2848,-2.848,1031,59.1019108280255,995,57.0382165605096,1556,89.1974522292994,0,0,0
803440,803.44,-5447,-5.447,4957,4.957,-2556,-2.556,213,12.2101910828025,618,35.4267515923567,181,10.3757961783439,0,0,0
803940,803.94,-5725,-5.725,5421,5.421,-2494,-2.494,197,11.2929936305732,1559,89.3694267515923,1112,63.7452229299363,0,0,0
804440,804.44,-4969,-4.969,5069,5.069,-2293,-2.293,-825,-47.2929936305733,841,48.2101910828026,-284,-16.2802547770701,0,0,0
804940,804.94,-4128,-4.128,5344,5.344,-4422,-4.422,-923,-52.9108280254777,2914,167.044585987261,-160,-9.17197452229299,0,0,0
805440,805.44,-4061,-4.061,3872,3.872,-5736,-5.736,2423,138.898089171975,4420,253.375796178344,-3600,-206.369426751592,0,0,0
805940,805.94,-4551,-4.551,1994,1.994,-6293,-6.293,502,28.7770700636943,1817,104.15923566879,-2209,-126.630573248408,0,0,0
806440,806.44,-4304,-4.304,1817,1.817,-5413,-5.413,-894,-51.2484076433121,-527,-30.2101910828025,-4869,-279.114649681529,0,0,0
807140,807.14,-5069,-5.069,2487,2.487,-5914,-5.914,-1117,-64.031847133758,50,2.86624203821656,850,48.7261146496815,0,0,0
807640,807.64,-4712,-4.712,3088,3.088,-5718,-5.718,-2143,-122.847133757962,-442,-25.3375796178344,1196,68.5605095541401,0,0,0
808140,808.14,-4801,-4.801,3350,3.35,-6163,-6.163,-2036,-116.713375796178,-647,-37.0891719745223,-2303,-132.019108280255,0,0,0
808640,808.64,-4290,-4.29,6706,6.706,-2029,-2.029,754,43.2229299363057,-191,-10.9490445859873,-563,-32.2738853503185,0,0,0
809140,809.14,-4138,-4.138,6409,6.409,-2747,-2.747,492,28.203821656051,2909,166.757961783439,2091,119.866242038217,0,0,0
809640,809.64,-3737,-3.737,5866,5.866,-3827,-3.827,-243,-13.9299363057325,1042,59.7324840764331,-714,-40.9299363057325,0,0,0
810140,810.14,-3721,-3.721,5614,5.614,-4039,-4.039,-379,-21.7261146496815,-978,-56.0636942675159,-2037,-116.770700636943,0,0,0
810640,810.64,-4125,-4.125,5367,5.367,-3916,-3.916,-339,-19.4331210191083,787,45.1146496815287,244,13.9872611464968,0,0,0
811140,811.14,-4471,-4.471,4833,4.833,-3877,-3.877,-193,-11.0636942675159,-108,-6.19108280254777,-359,-20.5796178343949,0,0,0
811640,811.64,-4354,-4.354,5109,5.109,-3998,-3.998,-134,-7.68152866242038,-195,-11.1783439490446,-368,-21.0955414012739,0,0,0
812140,812.14,-4668,-4.668,4858,4.858,-3712,-3.712,-35,-2.00636942675159,-199,-11.4076433121019,-827,-47.4076433121019,0,0,0
812640,812.64,-4559,-4.559,4590,4.59,-3640,-3.64,-274,-15.7070063694268,-229,-13.1273885350318,175,10.031847133758,0,0,0
813140,813.14,-4278,-4.278,5580,5.58,-3688,-3.688,-337,-19.3184713375796,324,18.5732484076433,626,35.8853503184713,0,0,0
813640,813.64,-3789,-3.789,5664,5.664,-4001,-4.001,129,7.39490445859873,-567,-32.5031847133758,38,2.17834394904459,0,0,0
814140,814.14,-4355,-4.355,5861,5.861,-4310,-4.31,-141,-8.0828025477707,-1288,-73.8343949044586,-1672,-95.8471337579618,0,0,0
814640,814.64,-4043,-4.043,5721,5.721,-3391,-3.391,-170,-9.74522292993631,-658,-37.7197452229299,415,23.7898089171974,0,0,0
815140,815.14,-4457,-4.457,6134,6.134,-3814,-3.814,-235,-13.4713375796178,472,27.0573248407643,470,26.9426751592357,0,0,0
815640,815.64,-4120,-4.12,5487,5.487,-3700,-3.7,-293,-16.796178343949,-108,-6.19108280254777,60,3.43949044585987,0,0,0
816140,816.14,-4363,-4.363,5125,5.125,-3194,-3.194,-459,-26.312101910828,-1152,-66.0382165605096,-1984,-113.732484076433,0,0,0
816640,816.64,-4101,-4.101,5580,5.58,-3307,-3.307,-577,-33.0764331210191,127,7.28025477707006,-387,-22.1847133757962,0,0,0
817140,817.14,-4152,-4.152,5245,5.245,-3262,-3.262,-54,-3.09554140127388,233,13.3566878980892,-864,-49.5286624203822,0,0,0
817640,817.64,-4171,-4.171,5478,5.478,-2974,-2.974,-247,-14.1592356687898,-2,-0.114649681528662,-631,-36.171974522293,0,0,0
818140,818.14,-4392,-4.392,5307,5.307,-3350,-3.35,580,33.2484076433121,424,24.3057324840764,-115,-6.59235668789809,0,0,0
818640,818.64,-4458,-4.458,5277,5.277,-3410,-3.41,-96,-5.5031847133758,191,10.9490445859873,168,9.63057324840764,0,0,0
819140,819.14,-4712,-4.712,4957,4.957,-3700,-3.7,-48,-2.7515923566879,46,2.63694267515924,94,5.38853503184713,0,0,0
819640,819.64,-5011,-5.011,4562,4.562,-3597,-3.597,581,33.3057324840764,372,21.3248407643312,33,1.89171974522293,0,0,0
820140,820.14,-4884,-4.884,4626,4.626,-3419,-3.419,250,14.3312101910828,263,15.0764331210191,22,1.26114649681529,0,0,0
820640,820.64,-4931,-4.931,4786,4.786,-3628,-3.628,206,11.8089171974522,178,10.203821656051,516,29.5796178343949,0,0,0
821140,821.14,-5115,-5.115,4842,4.842,-3534,-3.534,222,12.7261146496815,43,2.46496815286624,567,32.5031847133758,0,0,0
821640,821.64,-5156,-5.156,5006,5.006,-3458,-3.458,-36,-2.06369426751592,510,29.2356687898089,932,53.4267515923567,0,0,0
822140,822.14,-4858,-4.858,5132,5.132,-3229,-3.229,198,11.3503184713376,37,2.12101910828025,599,34.3375796178344,0,0,0
822640,822.64,-4773,-4.773,5039,5.039,-2959,-2.959,469,26.8853503184713,-271,-15.5350318471338,-185,-10.6050955414013,0,0,0
823140,823.14,-4549,-4.549,5160,5.16,-3071,-3.071,163,9.34394904458599,-52,-2.98089171974522,-170,-9.74522292993631,0,0,0
823640,823.64,-4531,-4.531,4913,4.913,-3032,-3.032,103,5.90445859872612,-267,-15.3057324840764,-236,-13.5286624203822,0,0,0
824140,824.14,-4847,-4.847,5079,5.079,-2951,-2.951,-149,-8.54140127388535,-269,-15.4203821656051,-213,-12.2101910828025,0,0,0
824640,824.64,-4740,-4.74,5802,5.802,-3043,-3.043,-219,-12.5541401273885,374,21.4394904458599,303,17.3694267515924,0,0,0
825140,825.14,-4855,-4.855,5458,5.458,-3239,-3.239,-538,-30.8407643312102,-156,-8.94267515923567,291,16.6815286624204,0,0,0
825640,825.64,-4721,-4.721,5583,5.583,-3221,-3.221,-192,-11.0063694267516,51,2.92356687898089,-199,-11.4076433121019,0,0,0
826140,826.14,-4917,-4.917,4982,4.982,-3086,-3.086,-361,-20.6942675159236,-276,-15.8216560509554,-360,-20.6369426751592,0,0,0
826640,826.64,-5203,-5.203,4958,4.958,-3073,-3.073,-166,-9.51592356687898,-113,-6.47770700636943,-279,-15.9936305732484,0,0,0
827140,827.14,-5137,-5.137,5055,5.055,-3273,-3.273,245,14.0445859872611,373,21.3821656050955,209,11.9808917197452,0,0,0
827640,827.64,-5128,-5.128,5188,5.188,-3310,-3.31,282,16.1656050955414,140,8.02547770700637,241,13.8152866242038,0,0,0
828140,828.14,-5366,-5.366,4916,4.916,-3494,-3.494,99,5.67515923566879,-206,-11.8089171974522,447,25.624203821656,0,0,0
828640,828.64,-5270,-5.27,4945,4.945,-2841,-2.841,-390,-22.3566878980892,-931,-53.3694267515924,4,0.229299363057325,0,0,0
829140,829.14,-4813,-4.813,5259,5.259,-3086,-3.086,-561,-32.1592356687898,-885,-50.7324840764331,104,5.96178343949045,0,0,0
829640,829.64,-4762,-4.762,4963,4.963,-2630,-2.63,266,15.2484076433121,61,3.4968152866242,-758,-43.4522292993631,0,0,0
830140,830.14,-4783,-4.783,5170,5.17,-2741,-2.741,215,12.3248407643312,-230,-13.1847133757962,-1230,-70.5095541401274,0,0,0
830640,830.64,-4676,-4.676,4856,4.856,-2655,-2.655,-11,-0.630573248407643,-1055,-60.4777070063694,-1933,-110.808917197452,0,0,0
831140,831.14,-4856,-4.856,4934,4.934,-2499,-2.499,397,22.7579617834395,-303,-17.3694267515924,-798,-45.7452229299363,0,0,0
831640,831.64,-5133,-5.133,5463,5.463,-2602,-2.602,-677,-38.8089171974522,1091,62.5414012738854,1923,110.235668789809,0,0,0
832140,832.14,-5689,-5.689,5458,5.458,-3135,-3.135,-557,-31.9299363057325,796,45.6305732484076,945,54.171974522293,0,0,0
832640,832.64,-5160,-5.16,5822,5.822,-3165,-3.165,-392,-22.4713375796178,11,0.630573248407643,143,8.19745222929936,0,0,0
833140,833.14,-5237,-5.237,5722,5.722,-2908,-2.908,1115,63.9171974522293,391,22.4140127388535,-1207,-69.1910828025478,0,0,0
833640,833.64,-5317,-5.317,5216,5.216,-2746,-2.746,265,15.1910828025478,-382,-21.8980891719745,-1303,-74.6942675159236,0,0,0
834140,834.14,-5286,-5.286,5239,5.239,-2876,-2.876,368,21.0955414012739,-65,-3.72611464968153,-534,-30.6114649681529,0,0,0
834640,834.64,-5058,-5.058,4695,4.695,-2793,-2.793,449,25.7388535031847,-405,-23.2165605095541,-715,-40.9872611464968,0,0,0
835140,835.14,-5333,-5.333,5150,5.15,-2918,-2.918,42,2.40764331210191,-110,-6.30573248407643,-96,-5.5031847133758,0,0,0
835640,835.64,-5508,-5.508,4580,4.58,-2899,-2.899,34,1.94904458598726,-10,-0.573248407643312,261,14.9617834394904,0,0,0
836140,836.14,-5484,-5.484,5144,5.144,-3061,-3.061,52,2.98089171974522,127,7.28025477707006,480,27.515923566879,0,0,0
836640,836.64,-5400,-5.4,5004,5.004,-3206,-3.206,10,0.573248407643312,-352,-20.1783439490446,442,25.3375796178344,0,0,0
837140,837.14,-5623,-5.623,5650,5.65,-3545,-3.545,134,7.68152866242038,628,36,1261,72.2866242038216,0,0,0
837640,837.64,-5856,-5.856,5562,5.562,-3458,-3.458,-248,-14.2165605095541,718,41.1592356687898,2080,119.235668789809,0,0,0
838140,838.14,-5437,-5.437,5354,5.354,-3430,-3.43,525,30.0955414012739,-293,-16.796178343949,351,20.1210191082803,0,0,0
838640,838.64,-4996,-4.996,5234,5.234,-3291,-3.291,766,43.9108280254777,311,17.828025477707,742,42.5350318471338,0,0,0
839140,839.14,-5561,-5.561,5099,5.099,-3587,-3.587,997,57.1528662420382,606,34.7388535031847,540,30.9554140127389,0,0,0
839640,839.64,-5446,-5.446,5072,5.072,-3934,-3.934,113,6.47770700636943,336,19.2611464968153,1041,59.6751592356688,0,0,0
840140,840.14,-5630,-5.63,5419,5.419,-3552,-3.552,-138,-7.91082802547771,1656,94.9299363057325,3130,179.426751592357,0,0,0
840640,840.64,-5698,-5.698,4958,4.958,-3391,-3.391,464,26.5987261146497,1233,70.6815286624204,2011,115.28025477707,0,0,0
841140,841.14,-5352,-5.352,4934,4.934,-3485,-3.485,-294,-16.8535031847134,484,27.7452229299363,883,50.6178343949045,0,0,0
841640,841.64,-5092,-5.092,4750,4.75,-3554,-3.554,-365,-20.9235668789809,-883,-50.6178343949045,-971,-55.6624203821656,0,0,0
842140,842.14,-4579,-4.579,4702,4.702,-2738,-2.738,493,28.2611464968153,178,10.203821656051,-243,-13.9299363057325,0,0,0
842640,842.64,-4864,-4.864,4289,4.289,-2656,-2.656,199,11.4076433121019,-38,-2.17834394904459,-367,-21.0382165605096,0,0,0
843140,843.14,-4737,-4.737,4224,4.224,-2778,-2.778,-227,-13.0127388535032,13,0.745222929936306,-154,-8.82802547770701,0,0,0
843640,843.64,-4993,-4.993,4501,4.501,-2659,-2.659,-319,-18.2866242038217,-84,-4.81528662420382,-813,-46.6050955414013,0,0,0
844140,844.14,-5120,-5.12,5022,5.022,-2946,-2.946,-267,-15.3057324840764,268,15.3630573248408,151,8.65605095541401,0,0,0
844640,844.64,-5048,-5.048,4949,4.949,-3060,-3.06,-61,-3.4968152866242,160,9.17197452229299,-381,-21.8407643312102,0,0,0
845140,845.14,-5015,-5.015,5168,5.168,-3052,-3.052,-324,-18.5732484076433,434,24.8789808917197,-458,-26.2547770700637,0,0,0
845640,845.64,-5295,-5.295,5349,5.349,-3322,-3.322,-247,-14.1592356687898,502,28.7770700636943,136,7.79617834394905,0,0,0
846140,846.14,-5150,-5.15,5188,5.188,-3440,-3.44,-253,-14.5031847133758,-254,-14.5605095541401,-116,-6.64968152866242,0,0,0
846640,846.64,-5237,-5.237,4921,4.921,-3147,-3.147,-33,-1.89171974522293,39,2.23566878980892,-373,-21.3821656050955,0,0,0
847140,847.14,-4913,-4.913,4310,4.31,-3227,-3.227,211,12.0955414012739,-803,-46.031847133758,-1749,-100.261146496815,0,0,0
847640,847.64,-4888,-4.888,4900,4.9,-3152,-3.152,-203,-11.6369426751592,305,17.484076433121,495,28.3757961783439,0,0,0
848140,848.14,-5195,-5.195,4647,4.647,-3295,-3.295,18,1.03184713375796,-43,-2.46496815286624,-65,-3.72611464968153,0,0,0
848640,848.64,-4811,-4.811,5063,5.063,-3649,-3.649,-453,-25.968152866242,-714,-40.9299363057325,-111,-6.36305732484076,0,0,0
849140,849.14,-4445,-4.445,4518,4.518,-3315,-3.315,158,9.05732484076433,-1354,-77.6178343949045,-1863,-106.796178343949,0,0,0
849640,849.64,-4878,-4.878,4408,4.408,-3166,-3.166,-41,-2.35031847133758,-117,-6.70700636942675,907,51.9936305732484,0,0,0
862140,862.14,-4607,-4.607,5211,5.211,-3447,-3.447,-197,-11.2929936305732,-155,-8.88535031847134,-895,-51.3057324840764,0,0,0
869840,869.84,-1863,-1.863,6595,6.595,-3974,-3.974,-134,-7.68152866242038,504,28.8917197452229,-83,-4.75796178343949,0,0,0
870340,870.34,-1852,-1.852,6796,6.796,-4076,-4.076,27,1.54777070063694,520,29.8089171974522,211,12.0955414012739,0,0,0
870840,870.84,-2000,-2,6449,6.449,-4176,-4.176,268,15.3630573248408,-313,-17.9426751592357,-133,-7.62420382165605,0,0,0
871340,871.34,-2126,-2.126,6661,6.661,-3536,-3.536,-554,-31.7579617834395,7,0.401273885350318,-216,-12.3821656050955,0,0,0
871840,871.84,-3346,-3.346,7000,7,-3604,-3.604,4389,251.59872611465,-7858,-450.458598726115,1600,91.7197452229299,0,0,0
872350,872.35,-1751,-1.751,6895,6.895,-2375,-2.375,10551,604.834394904459,-5356,-307.031847133758,2284,130.929936305732,0,0,0
872840,872.84,-4329,-4.329,5271,5.271,-4938,-4.938,2469,141.535031847134,859,49.2420382165605,-1470,-84.2675159235669,0,0,0
873340,873.34,-3451,-3.451,5773,5.773,-4324,-4.324,-806,-46.203821656051,624,35.7707006369427,1008,57.7834394904459,0,0,0
873840,873.84,-3108,-3.108,6436,6.436,-4636,-4.636,940,53.8853503184713,332,19.031847133758,522,29.9235668789809,0,0,0
874340,874.34,-2710,-2.71,6044,6.044,-4262,-4.262,395,22.6433121019108,-538,-30.8407643312102,-765,-43.8535031847134,0,0,0
874840,874.84,-3346,-3.346,5793,5.793,-3960,-3.96,333,19.0891719745223,-234,-13.4140127388535,284,16.2802547770701,0,0,0
875340,875.34,-3193,-3.193,5680,5.68,-4157,-4.157,264,15.1337579617834,-1058,-60.6496815286624,-3,-0.171974522292994,0,0,0
875840,875.84,-3476,-3.476,5709,5.709,-4227,-4.227,176,10.0891719745223,-1024,-58.7006369426752,-154,-8.82802547770701,0,0,0
876840,876.84,-3083,-3.083,5496,5.496,-3645,-3.645,321,18.4012738853503,-1298,-74.4076433121019,-648,-37.1464968152866,0,0,0
877350,877.35,-3114,-3.114,5593,5.593,-3763,-3.763,1058,60.6496815286624,-1349,-77.3312101910828,-176,-10.0891719745223,0,0,0
877840,877.84,-2812,-2.812,5651,5.651,-3768,-3.768,227,13.0127388535032,-1016,-58.2420382165605,595,34.1082802547771,0,0,0
878340,878.34,-2771,-2.771,5916,5.916,-3858,-3.858,298,17.0828025477707,315,18.0573248407643,1816,104.101910828026,0,0,0
878840,878.84,-2783,-2.783,5895,5.895,-3728,-3.728,563,32.2738853503185,-1316,-75.4394904458599,-420,-24.0764331210191,0,0,0
879340,879.34,-3259,-3.259,5702,5.702,-3469,-3.469,417,23.9044585987261,-566,-32.4458598726115,3757,215.369426751592,0,0,0
879840,879.84,-3781,-3.781,5576,5.576,-3760,-3.76,-269,-15.4203821656051,-1153,-66.0955414012739,-982,-56.2929936305732,0,0,0
880340,880.34,-1822,-1.822,6422,6.422,-3284,-3.284,405,23.2165605095541,-857,-49.1273885350318,-2811,-161.140127388535,0,0,0
880840,880.84,-2510,-2.51,6234,6.234,-3181,-3.181,-576,-33.0191082802548,-259,-14.8471337579618,-1953,-111.955414012739,0,0,0
881340,881.34,-2544,-2.544,6081,6.081,-3037,-3.037,-479,-27.4585987261146,-587,-33.6496815286624,-3458,-198.229299363057,0,0,0
881840,881.84,-2581,-2.581,6608,6.608,-3511,-3.511,438,25.1082802547771,1123,64.375796178344,350,20.0636942675159,0,0,0
882370,882.37,-3454,-3.454,7015,7.015,-3969,-3.969,394,22.5859872611465,1373,78.7070063694268,1966,112.700636942675,0,0,0
882840,882.84,-3125,-3.125,6894,6.894,-3944,-3.944,-512,-29.3503184713376,1100,63.0573248407643,473,27.1146496815287,0,0,0
884840,884.84,-2961,-2.961,6697,6.697,-3434,-3.434,-1344,-77.0445859872612,804,46.0891719745223,-181,-10.3757961783439,0,0,0
885340,885.34,-3690,-3.69,6825,6.825,-3748,-3.748,-736,-42.1910828025478,862,49.4140127388535,518,29.6942675159236,0,0,0
885840,885.84,-3651,-3.651,6458,6.458,-3580,-3.58,144,8.25477707006369,914,52.3949044585987,-37,-2.12101910828025,0,0,0
886340,886.34,-2933,-2.933,5493,5.493,-2989,-2.989,-484,-27.7452229299363,-456,-26.140127388535,-3168,-181.605095541401,0,0,0
886840,886.84,-3605,-3.605,6379,6.379,-3560,-3.56,1008,57.7834394904459,1709,97.9681528662421,18,1.03184713375796,0,0,0
887340,887.34,-4246,-4.246,6244,6.244,-3518,-3.518,492,28.203821656051,1004,57.5541401273885,-659,-37.7770700636943,0,0,0
887840,887.84,-3102,-3.102,7007,7.007,-3900,-3.9,-1929,-110.579617834395,837,47.9808917197452,88,5.04458598726115,0,0,0
888340,888.34,-3262,-3.262,6186,6.186,-3415,-3.415,-297,-17.0254777070064,-266,-15.2484076433121,-1254,-71.8853503184713,0,0,0
889340,889.34,-3500,-3.5,6490,6.49,-3821,-3.821,-865,-49.5859872611465,623,35.7133757961783,-360,-20.6369426751592,0,0,0
889840,889.84,-3858,-3.858,6015,6.015,-3166,-3.166,108,6.19108280254777,1396,80.0254777070064,-429,-24.5923566878981,0,0,0
890340,890.34,-2541,-2.541,5992,5.992,-2964,-2.964,-2033,-116.541401273885,261,14.9617834394904,-2927,-167.789808917197,0,0,0
890840,890.84,-2700,-2.7,6987,6.987,-3430,-3.43,-2080,-119.235668789809,597,34.2229299363057,-1186,-67.9872611464968,0,0,0
891340,891.34,-3100,-3.1,6839,6.839,-3327,-3.327,-1456,-83.4649681528662,1915,109.777070063694,713,40.8726114649682,0,0,0
891840,891.84,-3224,-3.224,6017,6.017,-2941,-2.941,77,4.4140127388535,1354,77.6178343949045,-2379,-136.375796178344,0,0,0
892340,892.34,-3060,-3.06,6073,6.073,-3033,-3.033,-945,-54.171974522293,1211,69.4203821656051,-2114,-121.184713375796,0,0,0
892840,892.84,-3781,-3.781,6659,6.659,-3567,-3.567,-969,-55.5477707006369,2540,145.605095541401,-382,-21.8980891719745,0,0,0
893340,893.34,-3568,-3.568,5583,5.583,-3506,-3.506,-925,-53.0254777070064,1765,101.178343949045,-1427,-81.8025477707007,0,0,0
893840,893.84,-4086,-4.086,6055,6.055,-3852,-3.852,-1361,-78.0191082802548,1326,76.0127388535032,-219,-12.5541401273885,0,0,0
894340,894.34,-3208,-3.208,6192,6.192,-3002,-3.002,-1129,-64.7197452229299,924,52.968152866242,-2138,-122.56050955414,0,0,0
894840,894.84,-2752,-2.752,6295,6.295,-2881,-2.881,-2091,-119.866242038217,935,53.5987261146497,-2651,-151.968152866242,0,0,0
895340,895.34,-3274,-3.274,6675,6.675,-3548,-3.548,-1803,-103.356687898089,1947,111.611464968153,699,40.0700636942675,0,0,0
895840,895.84,-3326,-3.326,6184,6.184,-3272,-3.272,-502,-28.7770700636943,1826,104.675159235669,-348,-19.9490445859873,0,0,0
896340,896.34,-3007,-3.007,6011,6.011,-3242,-3.242,-1389,-79.6242038216561,916,52.5095541401274,-1577,-90.4012738853503,0,0,0
896840,896.84,-3346,-3.346,6762,6.762,-3608,-3.608,-1496,-85.7579617834395,1620,92.8662420382166,-304,-17.4267515923567,0,0,0
897340,897.34,-4359,-4.359,5803,5.803,-3292,-3.292,-160,-9.17197452229299,2941,168.592356687898,295,16.9108280254777,0,0,0
897840,897.84,-3559,-3.559,5964,5.964,-3294,-3.294,-1482,-84.9554140127388,1578,90.4585987261146,-1208,-69.2484076433121,0,0,0
898340,898.34,-3636,-3.636,7500,7.5,-3362,-3.362,-979,-56.1210191082803,2397,137.407643312102,736,42.1910828025478,0,0,0
898840,898.84,-3518,-3.518,6744,6.744,-2930,-2.93,-121,-6.93630573248408,1388,79.5668789808917,-524,-30.0382165605096,0,0,0
899340,899.34,-3462,-3.462,6656,6.656,-3334,-3.334,-684,-39.2101910828026,1519,87.0764331210191,495,28.3757961783439,0,0,0
899840,899.84,-2841,-2.841,6320,6.32,-3515,-3.515,221,12.6687898089172,1059,60.7070063694268,-1103,-63.2292993630573,0,0,0
900340,900.34,-3048,-3.048,6420,6.42,-3420,-3.42,-689,-39.4968152866242,1256,72,-1426,-81.7452229299363,0,0,0
900840,900.84,-2957,-2.957,6723,6.723,-3708,-3.708,-1104,-63.2866242038217,1197,68.6178343949045,-1242,-71.1974522292994,0,0,0
901340,901.34,-2751,-2.751,6122,6.122,-3218,-3.218,-942,-54,1240,71.0828025477707,-1334,-76.4713375796178,0,0,0
901840,901.84,-3397,-3.397,6390,6.39,-3379,-3.379,-773,-44.312101910828,1412,80.9426751592357,-368,-21.0955414012739,0,0,0
902340,902.34,-2979,-2.979,6477,6.477,-3449,-3.449,-227,-13.0127388535032,1528,87.5923566878981,-721,-41.3312101910828,0,0,0
902840,902.84,-3672,-3.672,5893,5.893,-3382,-3.382,168,9.63057324840764,622,35.656050955414,-1266,-72.5732484076433,0,0,0
903340,903.34,-3634,-3.634,5449,5.449,-3271,-3.271,48,2.7515923566879,517,29.6369426751592,-1161,-66.5541401273885,0,0,0
903840,903.84,-3664,-3.664,5137,5.137,-3464,-3.464,756,43.3375796178344,241,13.8152866242038,-1196,-68.5605095541401,0,0,0
904340,904.34,-3421,-3.421,6182,6.182,-4050,-4.05,-611,-35.0254777070064,805,46.1464968152866,746,42.7643312101911,0,0,0
904840,904.84,-3073,-3.073,6231,6.231,-4020,-4.02,-195,-11.1783439490446,938,53.7707006369427,1041,59.6751592356688,0,0,0
905340,905.34,-2940,-2.94,5932,5.932,-3815,-3.815,8,0.45859872611465,-487,-27.9171974522293,-1399,-80.1974522292994,0,0,0
905840,905.84,-3021,-3.021,6382,6.382,-4020,-4.02,25,1.43312101910828,393,22.5286624203822,-98,-5.61783439490446,0,0,0
906340,906.34,-2923,-2.923,6303,6.303,-3989,-3.989,-297,-17.0254777070064,424,24.3057324840764,-500,-28.6624203821656,0,0,0
906840,906.84,-2989,-2.989,5960,5.96,-3839,-3.839,-484,-27.7452229299363,483,27.687898089172,-714,-40.9299363057325,0,0,0
907340,907.34,-2312,-2.312,5763,5.763,-3467,-3.467,-748,-42.8789808917198,188,10.7770700636943,-1833,-105.076433121019,0,0,0
907840,907.84,-3326,-3.326,5879,5.879,-3899,-3.899,99,5.67515923566879,138,7.91082802547771,-1108,-63.515923566879,0,0,0
908340,908.34,-2720,-2.72,5819,5.819,-3801,-3.801,176,10.0891719745223,-77,-4.4140127388535,-1650,-94.5859872611465,0,0,0
908840,908.84,-2878,-2.878,6267,6.267,-4132,-4.132,-764,-43.7961783439491,952,54.5732484076433,85,4.87261146496815,0,0,0
909340,909.34,-3458,-3.458,5742,5.742,-4075,-4.075,-388,-22.2420382165605,315,18.0573248407643,-1253,-71.828025477707,0,0,0
909840,909.84,-3668,-3.668,5370,5.37,-4006,-4.006,32,1.8343949044586,-564,-32.3312101910828,-1585,-90.859872611465,0,0,0
910340,910.34,-2616,-2.616,5123,5.123,-3466,-3.466,-1,-0.057324840764331,-1595,-91.4331210191083,-2830,-162.229299363057,0,0,0
910840,910.84,-2681,-2.681,5962,5.962,-3399,-3.399,879,50.3885350318471,-739,-42.3630573248408,-2304,-132.076433121019,0,0,0
911340,911.34,-1882,-1.882,6441,6.441,-3614,-3.614,-1759,-100.834394904459,-664,-38.0636942675159,1074,61.5668789808917,0,0,0
911840,911.84,-2412,-2.412,7208,7.208,-4266,-4.266,-1849,-105.993630573248,-568,-32.5605095541401,158,9.05732484076433,0,0,0
912340,912.34,-3448,-3.448,6670,6.67,-4412,-4.412,988,56.6369426751592,313,17.9426751592357,2309,132.363057324841,0,0,0
912840,912.84,-3498,-3.498,6583,6.583,-3568,-3.568,932,53.4267515923567,-170,-9.74522292993631,-98,-5.61783439490446,0,0,0
913340,913.34,-2468,-2.468,6272,6.272,-3434,-3.434,202,11.5796178343949,-796,-45.6305732484076,287,16.4522292993631,0,0,0
913840,913.84,-2818,-2.818,6050,6.05,-3099,-3.099,134,7.68152866242038,-1762,-101.006369426752,-792,-45.4012738853503,0,0,0
914340,914.34,-3240,-3.24,6631,6.631,-3822,-3.822,427,24.4777070063694,-367,-21.0382165605096,1660,95.1592356687898,0,0,0
914840,914.84,-3307,-3.307,6587,6.587,-3705,-3.705,630,36.1146496815287,-98,-5.61783439490446,1607,92.1210191082803,0,0,0
915340,915.34,-1791,-1.791,6804,6.804,-3498,-3.498,319,18.2866242038217,367,21.0382165605096,2189,125.484076433121,0,0,0
915840,915.84,-2028,-2.028,6593,6.593,-3691,-3.691,382,21.8980891719745,-313,-17.9426751592357,-104,-5.96178343949045,0,0,0
916340,916.34,-2936,-2.936,5861,5.861,-3899,-3.899,602,34.5095541401274,-3,-0.171974522292994,382,21.8980891719745,0,0,0
916840,916.84,-3164,-3.164,6005,6.005,-3939,-3.939,511,29.2929936305732,241,13.8152866242038,100,5.73248407643312,0,0,0
917340,917.34,-2790,-2.79,6151,6.151,-3776,-3.776,384,22.0127388535032,-79,-4.52866242038217,-446,-25.5668789808917,0,0,0
917840,917.84,-2819,-2.819,6017,6.017,-3804,-3.804,367,21.0382165605096,-204,-11.6942675159236,-729,-41.7898089171974,0,0,0
918340,918.34,-2885,-2.885,6370,6.37,-3849,-3.849,-442,-25.3375796178344,-45,-2.5796178343949,-46,-2.63694267515924,0,0,0
918840,918.84,-3057,-3.057,6070,6.07,-3831,-3.831,29,1.66242038216561,-119,-6.82165605095541,-169,-9.68789808917198,0,0,0
919340,919.34,-3034,-3.034,6161,6.161,-3772,-3.772,14,0.802547770700637,59,3.38216560509554,-71,-4.07006369426752,0,0,0
919840,919.84,-3200,-3.2,6332,6.332,-3715,-3.715,367,21.0382165605096,395,22.6433121019108,294,16.8535031847134,0,0,0
920340,920.34,-3121,-3.121,6122,6.122,-3820,-3.82,52,2.98089171974522,425,24.3630573248408,562,32.2165605095541,0,0,0
920840,920.84,-2973,-2.973,5914,5.914,-3809,-3.809,-140,-8.02547770700637,-157,-9,-370,-21.2101910828025,0,0,0
921340,921.34,-3142,-3.142,6341,6.341,-3831,-3.831,-158,-9.05732484076433,65,3.72611464968153,139,7.96815286624204,0,0,0
922040,922.04,-3087,-3.087,6279,6.279,-3737,-3.737,-174,-9.97452229299363,-75,-4.29936305732484,-110,-6.30573248407643,0,0,0
922540,922.54,-3059,-3.059,6214,6.214,-3847,-3.847,135,7.73885350318471,199,11.4076433121019,106,6.07643312101911,0,0,0
923040,923.04,-3066,-3.066,6227,6.227,-3843,-3.843,91,5.21656050955414,157,9,212,12.1528662420382,0,0,0
923540,923.54,-3025,-3.025,6200,6.2,-3740,-3.74,-167,-9.57324840764331,-68,-3.89808917197452,55,3.15286624203822,0,0,0
924040,924.04,-3043,-3.043,6203,6.203,-3817,-3.817,-307,-17.5987261146497,23,1.31847133757962,67,3.84076433121019,0,0,0
924540,924.54,-3018,-3.018,6237,6.237,-3837,-3.837,-63,-3.61146496815287,26,1.49044585987261,-61,-3.4968152866242,0,0,0
925040,925.04,-2967,-2.967,6225,6.225,-3829,-3.829,88,5.04458598726115,73,4.18471337579618,-13,-0.745222929936306,0,0,0
925540,925.54,-3027,-3.027,6229,6.229,-3806,-3.806,-73,-4.18471337579618,-56,-3.21019108280255,-45,-2.5796178343949,0,0,0
926040,926.04,-3035,-3.035,6250,6.25,-3838,-3.838,25,1.43312101910828,54,3.09554140127388,-51,-2.92356687898089,0,0,0
926540,926.54,-2951,-2.951,5874,5.874,-3681,-3.681,3388,194.216560509554,1141,65.4076433121019,-64,-3.6687898089172,0,0,0
927040,927.04,-134,-0.134,3710,3.71,-7941,-7.941,9502,544.700636942675,3791,217.31847133758,3719,213.191082802548,0,0,0
927540,927.54,-2476,-2.476,5272,5.272,-5300,-5.3,-3031,-173.751592356688,-4232,-242.59872611465,2111,121.012738853503,0,0,0
928040,928.04,-2422,-2.422,5369,5.369,-5530,-5.53,-1047,-60.0191082802548,3660,209.808917197452,471,27,0,0,0
928540,928.54,-1497,-1.497,5284,5.284,-5656,-5.656,-1442,-82.6624203821656,1152,66.0382165605096,219,12.5541401273885,0,0,0
929040,929.04,-1503,-1.503,5408,5.408,-5416,-5.416,-919,-52.6815286624204,792,45.4012738853503,66,3.78343949044586,0,0,0
929540,929.54,-1388,-1.388,5925,5.925,-5210,-5.21,353,20.2356687898089,-285,-16.3375796178344,59,3.38216560509554,0,0,0
930040,930.04,-1440,-1.44,5505,5.505,-5548,-5.548,-154,-8.82802547770701,-637,-36.515923566879,33,1.89171974522293,0,0,0
930540,930.54,-519,-0.519,6146,6.146,-5074,-5.074,-3269,-187.394904458599,1099,63,-1746,-100.089171974522,0,0,0
931040,931.04,-1961,-1.961,5839,5.839,-4470,-4.47,616,35.312101910828,-759,-43.5095541401274,-605,-34.6815286624204,0,0,0
931540,931.54,-1740,-1.74,5926,5.926,-4942,-4.942,647,37.0891719745223,507,29.0636942675159,491,28.1464968152866,0,0,0
932040,932.04,-1319,-1.319,5521,5.521,-5555,-5.555,4621,264.898089171975,2106,120.726114649682,2955,169.394904458599,0,0,0
932540,932.54,-971,-0.971,5028,5.028,-5944,-5.944,3029,173.636942675159,-680,-38.9808917197452,1356,77.7324840764331,0,0,0
933040,933.04,-1166,-1.166,5130,5.13,-6310,-6.31,67,3.84076433121019,68,3.89808917197452,86,4.92993630573248,0,0,0
933540,933.54,-2159,-2.159,5684,5.684,-5296,-5.296,862,49.4140127388535,-37,-2.12101910828025,-1625,-93.1528662420382,0,0,0
934040,934.04,-1629,-1.629,4458,4.458,-5704,-5.704,2572,147.43949044586,1376,78.8789808917197,4046,231.936305732484,0,0,0
934540,934.54,-3253,-3.253,5173,5.173,-3736,-3.736,-2223,-127.433121019108,-1463,-83.8662420382166,-2550,-146.178343949045,0,0,0
935040,935.04,-3419,-3.419,6000,6,-4006,-4.006,396,22.7006369426752,134,7.68152866242038,-337,-19.3184713375796,0,0,0
935540,935.54,-3379,-3.379,5937,5.937,-4108,-4.108,122,6.99363057324841,124,7.10828025477707,230,13.1847133757962,0,0,0
936040,936.04,-3354,-3.354,5708,5.708,-4158,-4.158,-343,-19.6624203821656,-169,-9.68789808917198,-154,-8.82802547770701,0,0,0
936540,936.54,-3326,-3.326,5875,5.875,-4199,-4.199,-173,-9.9171974522293,-52,-2.98089171974522,-3,-0.171974522292994,0,0,0
937040,937.04,-3335,-3.335,5762,5.762,-4100,-4.1,-142,-8.14012738853503,-173,-9.9171974522293,-92,-5.27388535031847,0,0,0
937540,937.54,-3640,-3.64,5730,5.73,-4092,-4.092,-33,-1.89171974522293,-233,-13.3566878980892,-266,-15.2484076433121,0,0,0
938040,938.04,-4389,-4.389,5231,5.231,-3790,-3.79,73,4.18471337579618,254,14.5605095541401,-52,-2.98089171974522,0,0,0
938540,938.54,-4802,-4.802,5114,5.114,-3553,-3.553,-428,-24.5350318471338,594,34.0509554140127,263,15.0764331210191,0,0,0
939040,939.04,-4466,-4.466,5347,5.347,-4120,-4.12,-245,-14.0445859872611,-126,-7.22292993630573,-583,-33.4203821656051,0,0,0
939540,939.54,-4578,-4.578,5678,5.678,-3769,-3.769,271,15.5350318471338,449,25.7388535031847,1005,57.6114649681529,0,0,0
940040,940.04,-4713,-4.713,5302,5.302,-3673,-3.673,-130,-7.45222929936306,-514,-29.4649681528662,897,51.4203821656051,0,0,0
940540,940.54,-4552,-4.552,4931,4.931,-3356,-3.356,346,19.8343949044586,-219,-12.5541401273885,542,31.0700636942675,0,0,0
941040,941.04,-3856,-3.856,5663,5.663,-4572,-4.572,-913,-52.3375796178344,1311,75.1528662420382,-1146,-65.6942675159236,0,0,0
941540,941.54,-3800,-3.8,5340,5.34,-3574,-3.574,-1353,-77.5605095541401,621,35.5987261146497,-567,-32.5031847133758,0,0,0
942040,942.04,-4349,-4.349,5899,5.899,-4719,-4.719,752,43.1082802547771,130,7.45222929936306,1752,100.433121019108,0,0,0
942540,942.54,-4084,-4.084,6239,6.239,-4361,-4.361,246,14.1019108280255,830,47.5796178343949,329,18.859872611465,0,0,0
943040,943.04,-4208,-4.208,5904,5.904,-4118,-4.118,1289,73.8917197452229,-63,-3.61146496815287,751,43.0509554140127,0,0,0
943540,943.54,-4227,-4.227,5309,5.309,-4124,-4.124,-408,-23.3885350318471,-837,-47.9808917197452,-204,-11.6942675159236,0,0,0
944040,944.04,-4649,-4.649,5633,5.633,-3686,-3.686,169,9.68789808917198,1191,68.2738853503185,2583,148.070063694268,0,0,0
944540,944.54,-4135,-4.135,6176,6.176,-4332,-4.332,154,8.82802547770701,338,19.375796178344,1260,72.2292993630573,0,0,0
946040,946.04,-3415,-3.415,4944,4.944,-3123,-3.123,-674,-38.6369426751592,-817,-46.8343949044586,-891,-51.0764331210191,0,0,0
948040,948.04,-3104,-3.104,5615,5.615,-3343,-3.343,-361,-20.6942675159236,-127,-7.28025477707006,-1114,-63.859872611465,0,0,0
948540,948.54,-3515,-3.515,5023,5.023,-3871,-3.871,-919,-52.6815286624204,-1472,-84.3821656050955,-1484,-85.0700636942675,0,0,0
949540,949.54,-3426,-3.426,5817,5.817,-4152,-4.152,-324,-18.5732484076433,207,11.8662420382166,580,33.2484076433121,0,0,0
950540,950.54,-3618,-3.618,5726,5.726,-3969,-3.969,366,20.9808917197452,384,22.0127388535032,52,2.98089171974522,0,0,0
951040,951.04,-3613,-3.613,6097,6.097,-4119,-4.119,253,14.5031847133758,175,10.031847133758,-99,-5.67515923566879,0,0,0
951540,951.54,-3444,-3.444,6302,6.302,-4372,-4.372,-98,-5.61783439490446,444,25.4522292993631,246,14.1019108280255,0,0,0
953040,953.04,-3273,-3.273,6707,6.707,-4480,-4.48,596,34.1656050955414,658,37.7197452229299,1331,76.2993630573248,0,0,0
953540,953.54,-3042,-3.042,5886,5.886,-3965,-3.965,-329,-18.859872611465,-348,-19.9490445859873,22,1.26114649681529,0,0,0
954040,954.04,-3108,-3.108,5457,5.457,-3332,-3.332,-328,-18.8025477707006,-686,-39.3248407643312,-928,-53.1974522292994,0,0,0
956540,956.54,-3013,-3.013,6799,6.799,-4191,-4.191,260,14.9044585987261,475,27.2292993630573,856,49.0700636942675,0,0,0
959540,959.54,-3119,-3.119,6591,6.591,-4330,-4.33,-330,-18.9171974522293,135,7.73885350318471,90,5.15923566878981,0,0,0
960540,960.54,-2813,-2.813,5789,5.789,-4018,-4.018,-133,-7.62420382165605,-581,-33.3057324840764,-889,-50.9617834394904,0,0,0
