number,time_boot_ms,servo,data
0,1529503772269,0,"[211, 225, 254, 243, 269, 289, 307, 327, 346, 384, 381, 437, 466, 474, 486, 555, 592, 604, 624, 652, 662, 683, 710, 768, 782, 796, 824, 861, 878, 904, 910, 955, 1001, 1043, 1062, 1107, 1129, 1174, 1199, 1285, 1306, 1345, 1399, 1448, 1481, 1548, 1579, 1707, 1740, 1771, 1805, 1935, 1962, 2025, 2065, 2187, 2227, 2295, 2336, 2482, 2524, 2592, 2670, 2813, 2841, 2950, 3018, 3162, 3216, 3297, 3384, 3544, 3600, 3692, 3772, 3939, 4007, 4079, 4152, 4299, 4372, 4450, 4493, 4643, 4690, 4776, 4820, 4958, 5010, 5079, 5138, 5399, 5484, 5596, 5712, 6002, 6095, 6238, 6339, 6675, 6781, 6897, 7005, 7279, 7386, 7500, 7563, 7843, 7936, 8043, 8122, 8379, 8459, 8574, 8634, 8836, 8895, 8977, 9039, 9192, 9248, 9309, 9350, 9431, 9446, 9468, 9504, 9534, 9552, 9562, 9555, 9545, 9540, 9537, 9513, 9457, 9440, 9416, 9376, 9287, 9251, 9223, 9191, 9096, 9062, 9001, 8955, 8818, 8766, 8712, 8661, 8494, 8454, 8400, 8340, 8178, 8121, 8040, 7977, 7780, 7718, 7619, 7549, 7366, 7285, 7217, 7147, 6937, 6883, 6783, 6697, 6489, 6421, 6322, 6258, 6003, 5927, 5813, 5734, 5495, 5389, 5279, 5196, 4944, 4828, 4724, 4632, 4339, 4237, 4120, 4052, 3809, 3716, 3605, 3543, 3303, 3222, 3141, 3066, 2881, 2813, 2752, 2712, 2498, 2440, 2384, 2355, 2216, 2172, 2125, 2084, 1961, 1911, 1868, 1855, 1742, 1700, 1664, 1623, 1536, 1498, 1440, 1415, 1302, 1256, 1218, 1186, 1126, 1108, 1062]"
1,1529503775663,0,"[285, 326, 349, 390, 427, 447, 462, 520, 548, 572, 578, 663, 694, 702, 719, 764, 779, 828, 839, 908, 921, 956, 975, 1047, 1070, 1093, 1128, 1168, 1184, 1192, 1188, 1309, 1347, 1389, 1407, 1482, 1537, 1564, 1594, 1699, 1740, 1793, 1846, 1924, 1961, 2027, 2081, 2225, 2278, 2360, 2408, 2537, 2588, 2633, 2697, 2848, 2926, 2997, 3051, 3221, 3273, 3383, 3430, 3616, 3686, 3768, 3857, 4048, 4105, 4203, 4310, 4496, 4578, 4674, 4763, 4926, 5013, 5090, 5141, 5321, 5391, 5475, 5531, 5713, 5776, 5869, 5936, 6112, 6176, 6264, 6339, 6520, 6589, 6691, 6778, 7056, 7188, 7326, 7432, 7757, 7853, 7977, 8059, 8352, 8462, 8597, 8684, 8977, 9059, 9172, 9275, 9518, 9600, 9697, 9758, 9946, 10012, 10094, 10140, 10264, 10319, 10359, 10384, 10457, 10480, 10520, 10539, 10562, 10559, 10556, 10548, 10534, 10521, 10500, 10483, 10440, 10413, 10383, 10341, 10244, 10206, 10158, 10117, 10003, 9947, 9882, 9836, 9695, 9626, 9573, 9523, 9356, 9305, 9224, 9168, 8925, 8851, 8765, 8682, 8511, 8429, 8343, 8276, 8092, 8024, 7936, 7858, 7621, 7555, 7445, 7381, 7164, 7076, 6970, 6894, 6629, 6537, 6424, 6336, 6090, 5987, 5867, 5789, 5531, 5391, 5246, 5157, 4871, 4744, 4634, 4539, 4291, 4181, 4079, 3996, 3822, 3733, 3647, 3585, 3480, 3422, 3354, 3260, 3156, 3085, 2998, 2925, 2841, 2767, 2663, 2593, 2497, 2429, 2345, 2284, 2202, 2121, 2052, 1971, 1860, 1801, 1716, 1645, 1545, 1500, 1424, 1390, 1317, 1286, 1245]"
2,1529503779050,0,"[413, 430, 457, 503, 541, 571, 598, 679, 682, 705, 735, 794, 821, 831, 854, 917, 946, 974, 984, 1071, 1090, 1114, 1145, 1228, 1255, 1297, 1323, 1409, 1420, 1476, 1514, 1596, 1628, 1698, 1724, 1818, 1858, 1919, 1970, 2120, 2189, 2241, 2301, 2426, 2482, 2553, 2586, 2748, 2813, 2885, 2959, 3116, 3186, 3265, 3345, 3529, 3616, 3712, 3787, 4010, 4110, 4211, 4307, 4537, 4649, 4755, 4859, 5062, 5136, 5269, 5368, 5604, 5698, 5798, 5893, 6131, 6201, 6302, 6376, 6590, 6655, 6763, 6831, 7033, 7113, 7212, 7302, 7479, 7551, 7643, 7735, 7905, 7967, 8047, 8118, 8304, 8385, 8509, 8652, 8924, 9036, 9155, 9230, 9487, 9561, 9679, 9755, 9979, 10050, 10141, 10215, 10386, 10446, 10517, 10564, 10730, 10773, 10820, 10856, 10960, 10989, 11030, 11047, 11106, 11125, 11150, 11169, 11203, 11210, 11212, 11212, 11204, 11200, 11182, 11167, 11137, 11115, 11101, 11075, 11024, 11004, 10965, 10945, 10853, 10836, 10804, 10772, 10661, 10628, 10574, 10526, 10380, 10335, 10276, 10235, 10075, 10025, 9952, 9905, 9758, 9675, 9601, 9531, 9398, 9332, 9242, 9181, 9004, 8924, 8828, 8749, 8559, 8468, 8372, 8293, 8056, 7950, 7823, 7738, 7524, 7420, 7319, 7251, 7046, 6950, 6839, 6758, 6545, 6451, 6366, 6290, 6131, 6016, 5934, 5832, 5732, 5621, 5523, 5402, 5282, 5180, 5087, 4969, 4815, 4676, 4560, 4446, 4271, 4168, 4050, 3930, 3762, 3640, 3526, 3416, 3283, 3156, 3013, 2883, 2738, 2629, 2540, 2447, 2305, 2188, 2094, 2032, 1946, 1865, 1790]"
3,1529503782448,0,"[585, 620, 633, 697, 732, 767, 794, 870, 902, 942, 952, 1020, 1043, 1096, 1132, 1237, 1268, 1314, 1361, 1421, 1464, 1511, 1550, 1642, 1700, 1754, 1793, 1879, 1914, 1940, 1975, 2106, 2149, 2200, 2254, 2389, 2432, 2501, 2558, 2691, 2752, 2831, 2884, 3054, 3115, 3183, 3270, 3454, 3528, 3607, 3678, 3891, 3998, 4099, 4187, 4416, 4524, 4667, 4786, 5049, 5165, 5290, 5430, 5663, 5781, 5921, 6043, 6275, 6367, 6492, 6598, 6850, 6942, 7100, 7205, 7429, 7529, 7655, 7757, 7950, 8048, 8158, 8248, 8467, 8552, 8683, 8785, 8981, 9067, 9184, 9292, 9455, 9505, 9551, 9575, 9673, 9701, 9743, 9780, 9883, 9925, 9984, 10031, 10197, 10272, 10369, 10429, 10633, 10699, 10780, 10849, 11019, 11071, 11146, 11183, 11307, 11350, 11422, 11463, 11560, 11601, 11641, 11665, 11734, 11758, 11793, 11808, 11834, 11847, 11871, 11876, 11883, 11883, 11882, 11880, 11853, 11837, 11824, 11797, 11760, 11744, 11720, 11695, 11623, 11599, 11578, 11554, 11435, 11405, 11361, 11335, 11232, 11185, 11129, 11095, 10936, 10886, 10812, 10761, 10618, 10539, 10465, 10418, 10374, 10388, 10437, 10443, 10359, 10358, 10320, 10315, 10211, 10155, 10117, 10051, 9888, 9820, 9741, 9701, 9515, 9437, 9378, 9314, 9167, 9095, 9006, 8940, 8798, 8728, 8618, 8553, 8455, 8356, 8237, 8119, 7968, 7853, 7740, 7591, 7433, 7328, 7144, 7003, 6847, 6660, 6523, 6369, 6179, 6030, 5847, 5694, 5502, 5339, 5152, 5009, 4813, 4629, 4448, 4276, 4029, 3893, 3720, 3569, 3366, 3245, 3094, 2969, 2833, 2705, 2570]"
4,1529503785861,0,"[1043, 1093, 1141, 1236, 1294, 1358, 1396, 1533, 1576, 1633, 1664, 1765, 1813, 1883, 1944, 2063, 2114, 2168, 2203, 2314, 2346, 2373, 2429, 2554, 2589, 2631, 2675, 2783, 2832, 2880, 2924, 3084, 3147, 3252, 3286, 3428, 3494, 3582, 3658, 3862, 3937, 4035, 4137, 4341, 4409, 4497, 4602, 4887, 4991, 5126, 5268, 5519, 5623, 5758, 5867, 6116, 6246, 6384, 6484, 6803, 6933, 7109, 7240, 7519, 7634, 7815, 7953, 8234, 8368, 8512, 8645, 8921, 9039, 9190, 9303, 9526, 9628, 9723, 9819, 9963, 10034, 10107, 10155, 10314, 10386, 10460, 10516, 10658, 10704, 10749, 10815, 10937, 10987, 11037, 11082, 11195, 11253, 11296, 11312, 11407, 11423, 11455, 11480, 11566, 11605, 11680, 11736, 11841, 11877, 11925, 11965, 12075, 12106, 12159, 12182, 12275, 12311, 12341, 12351, 12420, 12438, 12459, 12471, 12505, 12511, 12519, 12522, 12525, 12517, 12512, 12516, 12481, 12473, 12449, 12436, 12410, 12394, 12381, 12360, 12284, 12265, 12251, 12234, 12199, 12175, 12148, 12106, 12039, 12001, 11961, 11919, 11823, 11767, 11717, 11668, 11575, 11653, 11733, 11819, 11864, 11917, 11972, 12035, 12035, 12057, 12046, 12045, 11969, 11939, 11890, 11878, 11744, 11677, 11610, 11549, 11422, 11370, 11294, 11236, 11105, 11059, 10990, 10924, 10846, 10811, 10747, 10698, 10606, 10547, 10474, 10397, 10304, 10232, 10177, 10065, 9956, 9891, 9798, 9698, 9579, 9475, 9388, 9268, 9079, 8932, 8822, 8671, 8439, 8273, 8077, 7924, 7668, 7450, 7265, 7033, 6763, 6564, 6356, 6148, 5840, 5636, 5430, 5224, 4955, 4755, 4589, 4429, 4225, 4051, 3874]"
5,1529503789278,0,"[1939, 2054, 2100, 2265, 2320, 2400, 2479, 2638, 2687, 2769, 2823, 2985, 3050, 3093, 3153, 3325, 3387, 3455, 3526, 3667, 3716, 3784, 3843, 4013, 4070, 4139, 4227, 4395, 4468, 4532, 4595, 4807, 4906, 5037, 5162, 5379, 5515, 5652, 5759, 6011, 6125, 6256, 6360, 6621, 6723, 6859, 6977, 7255, 7348, 7493, 7611, 7934, 8045, 8197, 8314, 8596, 8745, 8926, 9062, 9384, 9536, 9747, 9894, 10147, 10258, 10401, 10519, 10705, 10785, 10868, 10961, 11139, 11203, 11269, 11308, 11455, 11517, 11586, 11615, 11724, 11766, 11831, 11886, 12006, 12057, 12114, 12169, 12270, 12307, 12357, 12383, 12486, 12528, 12587, 12629, 12728, 12772, 12800, 12790, 12848, 12859, 12866, 12869, 12947, 12986, 13039, 13088, 13148, 13170, 13220, 13252, 13357, 13383, 13414, 13447, 13503, 13533, 13560, 13591, 13656, 13673, 13700, 13709, 13740, 13758, 13762, 13772, 13788, 13787, 13798, 13775, 13752, 13747, 13718, 13703, 13664, 13638, 13603, 13580, 13506, 13478, 13438, 13397, 13318, 13277, 13237, 13192, 13099, 13053, 12998, 13005, 13070, 13214, 13387, 13575, 13658, 13792, 13905, 13970, 13946, 13960, 13954, 13948, 13922, 13894, 13843, 13812, 13713, 13658, 13598, 13560, 13429, 13357, 13292, 13233, 13109, 13037, 12995, 12964, 12897, 12864, 12820, 12801, 12714, 12701, 12707, 12650, 12570, 12533, 12457, 12404, 12385, 12300, 12229, 12153, 12086, 12007, 11948, 11865, 11750, 11706, 11602, 11506, 11366, 11264, 11184, 11085, 10935, 10833, 10707, 10581, 10427, 10252, 10032, 9784, 9543, 9297, 9039, 8769, 8432, 8168, 7849, 7597, 7268, 7017, 6793, 6554, 6304, 6081, 5903]"
6,1529503792685,0,"[2117, 2246, 2392, 2709, 2810, 2971, 3156, 3354, 3510, 3652, 3774, 3911, 3999, 4044, 4102, 4143, 4168, 4191, 4165, 4113, 4093, 4021, 3935, 3879, 3759, 3659, 3522, 3364, 3268, 3195, 3122, 3075, 3075, 3089, 3097, 3106, 3111, 3117, 3123, 3155, 3158, 3171, 3174, 3214, 3217, 3223, 3230, 3282, 3285, 3303, 3319, 3472, 3522, 3599, 3715, 4123, 4316, 4598, 4832, 5505, 5799, 6219, 6553, 7269, 7570, 7889, 8192, 8729, 8961, 9196, 9405, 9843, 10052, 10272, 10464, 10884, 11058, 11244, 11420, 11783, 11958, 12143, 12295, 12702, 12863, 13086, 13273, 13693, 13874, 14095, 14307, 14756, 14927, 15180, 15427, 15843, 16043, 16258, 16458, 16749, 16891, 17022, 17159, 17287, 17387, 17475, 17543, 17623, 17651, 17645, 17602, 17549, 17446, 17312, 17169, 16970, 16824, 16783, 16805, 16829, 16849, 16863, 16871, 16855, 16858, 16860, 16867, 16903, 16907, 16907, 16907, 16872, 16875, 16872, 16866, 16850, 16848, 16836, 16830, 16819, 16809, 16793, 16771, 16724, 16705, 16681, 16647, 16571, 16523, 16468, 16427, 16333, 16279, 16198, 16120, 16014, 15920, 15797, 15662, 15723, 15931, 16253, 16626, 17439, 18187, 18754, 19169, 19505, 19735, 19883, 19954, 19974, 19908, 19799, 19588, 19311, 19007, 18692, 18377, 18044, 17699, 17345, 16941, 16555, 16167, 15764, 15388, 14978, 14568, 14146, 13645, 13049, 12445, 11803, 11187, 10618, 10134, 9760, 9474, 9248, 9083, 8996, 8936, 8931, 8938, 8932, 8936, 8962, 8948, 8943, 8928, 8894, 8850, 8784, 8714, 8653, 8532, 8380, 8219, 8038, 7861, 7648, 7447, 7238, 7019, 6786, 6518, 6236, 5945, 5659]"
7,1529503796103,0,"[2262, 2395, 2545, 2764, 2856, 2976, 3171, 3351, 3495, 3617, 3748, 3877, 3985, 4090, 4155, 4217, 4250, 4309, 4359, 4327, 4355, 4366, 4363, 4325, 4259, 4206, 4121, 4058, 3998, 3885, 3771, 3641, 3524, 3380, 3251, 3145, 3032, 3010, 3024, 3144, 3196, 3266, 3352, 3552, 3613, 3700, 3795, 4057, 4174, 4343, 4477, 4896, 5085, 5317, 5502, 5926, 6134, 6392, 6580, 7027, 7229, 7484, 7695, 8134, 8322, 8570, 8779, 9210, 9395, 9627, 9808, 10270, 10448, 10662, 10876, 11255, 11459, 11654, 11804, 12176, 12337, 12517, 12654, 12998, 13148, 13342, 13528, 13823, 13961, 14120, 14286, 14602, 14750, 14933, 15095, 15407, 15570, 15778, 15981, 16270, 16453, 16623, 16776, 16911, 17003, 17066, 17118, 17164, 17169, 17157, 17119, 17073, 17008, 16905, 16822, 16685, 16501, 16290, 16167, 16035, 15983, 15966, 15966, 15933, 15936, 15948, 15969, 15961, 15971, 15980, 15985, 15996, 15996, 15990, 15989, 16015, 16014, 16007, 15998, 15998, 15988, 15976, 15969, 15928, 15918, 15900, 15874, 15799, 15778, 15766, 15740, 15688, 15667, 15637, 15612, 15564, 15524, 15483, 15435, 15505, 15620, 15772, 15936, 16461, 17241, 18054, 18781, 19442, 19917, 20268, 20530, 20691, 20771, 20732, 20617, 20461, 20264, 20016, 19767, 19509, 19232, 18969, 18666, 18344, 17972, 17608, 17256, 16863, 16495, 16111, 15768, 15375, 14970, 14575, 14156, 13712, 13231, 12695, 12122, 11498, 10890, 10358, 9898, 9499, 9211, 9050, 9007, 8979, 8949, 8941, 8926, 8883, 8877, 8857, 8835, 8794, 8756, 8726, 8668, 8630, 8577, 8493, 8407, 8299, 8181, 8060, 7905, 7778, 7579, 7375]"
8,1529503799531,0,"[3197, 3395, 3569, 3807, 3992, 4144, 4323, 4520, 4705, 4882, 5048, 5247, 5402, 5543, 5699, 5820, 5923, 6063, 6187, 6251, 6326, 6425, 6495, 6559, 6631, 6680, 6720, 6795, 6855, 6911, 6988, 7044, 7120, 7154, 7193, 7243, 7301, 7419, 7498, 7600, 7672, 7731, 7830, 7912, 7974, 8035, 8047, 8103, 8121, 8195, 8246, 8293, 8339, 8334, 8357, 8433, 8532, 8689, 8882, 9213, 9364, 9574, 9749, 10142, 10307, 10520, 10726, 11127, 11314, 11521, 11711, 12195, 12373, 12598, 12795, 13178, 13364, 13568, 13722, 14045, 14202, 14401, 14536, 14814, 14948, 15097, 15231, 15496, 15603, 15756, 15893, 16161, 16291, 16462, 16617, 16884, 17048, 17190, 17328, 17507, 17626, 17736, 17810, 17861, 17875, 17907, 17887, 17877, 17827, 17754, 17666, 17549, 17395, 17238, 17087, 16896, 16736, 16569, 16472, 16384, 16348, 16330, 16336, 16303, 16309, 16323, 16334, 16344, 16349, 16351, 16362, 16366, 16361, 16363, 16360, 16379, 16374, 16370, 16365, 16361, 16356, 16347, 16332, 16269, 16254, 16245, 16236, 16183, 16164, 16147, 16129, 16090, 16065, 16050, 16036, 16155, 16262, 16369, 16502, 16721, 16890, 17156, 17520, 18373, 19361, 20408, 21151, 21714, 22097, 22283, 22324, 22279, 22136, 21967, 21747, 21486, 21184, 20876, 20547, 20198, 19925, 19605, 19269, 18858, 18462, 18083, 17644, 17074, 16588, 16047, 15543, 14879, 14303, 13722, 13095, 12377, 11753, 11203, 10738, 10203, 9829, 9443, 9116, 8756, 8552, 8504, 8493, 8453, 8447, 8439, 8434, 8424, 8421, 8421, 8415, 8385, 8384, 8389, 8387, 8379, 8361, 8334, 8299, 8284, 8255, 8235, 8176, 8113, 8020, 7904]"
9,1529503802925,0,"[1665, 1793, 1888, 2116, 2159, 2305, 2424, 2664, 2753, 2863, 2983, 3153, 3250, 3355, 3427, 3507, 3569, 3588, 3628, 3638, 3661, 3622, 3552, 3464, 3397, 3339, 3251, 3130, 3031, 2945, 2892, 2829, 2818, 2838, 2845, 2883, 2892, 2902, 2913, 2951, 2958, 2972, 2981, 3008, 3023, 3033, 3041, 3069, 3078, 3096, 3111, 3177, 3194, 3228, 3259, 3465, 3550, 3719, 3895, 4433, 4679, 5058, 5348, 5968, 6246, 6605, 6917, 7509, 7746, 8050, 8276, 8796, 9009, 9244, 9439, 9854, 10046, 10265, 10430, 10798, 10957, 11179, 11342, 11704, 11868, 12073, 12261, 12620, 12771, 13001, 13171, 13594, 13775, 14005, 14206, 14567, 14748, 14972, 15182, 15491, 15669, 15872, 16044, 16290, 16432, 16543, 16623, 16707, 16702, 16669, 16625, 16560, 16442, 16288, 16168, 15945, 15759, 15666, 15661, 15756, 15794, 15826, 15854, 15881, 15893, 15924, 15943, 15941, 15950, 15963, 15975, 16017, 16019, 16019, 16018, 16031, 16019, 16015, 16015, 15984, 15977, 15967, 15952, 15916, 15900, 15880, 15866, 15826, 15807, 15780, 15755, 15714, 15683, 15651, 15610, 15558, 15516, 15465, 15415, 15483, 15618, 15835, 16055, 16381, 16675, 17103, 17578, 18224, 18793, 19189, 19419, 19603, 19679, 19685, 19603, 19442, 19235, 18980, 18681, 18327, 17999, 17633, 17246, 16840, 16412, 15976, 15562, 15116, 14676, 14231, 13763, 13231, 12663, 12057, 11453, 10844, 10242, 9738, 9275, 8932, 8727, 8621, 8629, 8645, 8677, 8707, 8725, 8746, 8752, 8750, 8755, 8748, 8738, 8720, 8700, 8656, 8610, 8532, 8456, 8377, 8271, 8102, 7932, 7722, 7507, 7325, 7102, 6859, 6619, 6352]"
10,1529503806339,0,"[1746, 1866, 1991, 2261, 2330, 2486, 2664, 2957, 3085, 3245, 3422, 3610, 3734, 3884, 4029, 4184, 4294, 4374, 4409, 4461, 4503, 4486, 4481, 4463, 4401, 4394, 4373, 4296, 4229, 4123, 3998, 3845, 3678, 3547, 3447, 3283, 3166, 3073, 3044, 3026, 3038, 3056, 3090, 3180, 3211, 3282, 3331, 3515, 3579, 3669, 3752, 4049, 4157, 4268, 4382, 4715, 4872, 5086, 5263, 5762, 5989, 6336, 6609, 7122, 7338, 7632, 7915, 8432, 8650, 8885, 9087, 9566, 9760, 9989, 10189, 10600, 10767, 10958, 11131, 11500, 11647, 11841, 11986, 12323, 12446, 12622, 12786, 13147, 13274, 13453, 13610, 13961, 14128, 14351, 14525, 14920, 15125, 15349, 15535, 15822, 15992, 16154, 16302, 16507, 16630, 16804, 16956, 17065, 17179, 17265, 17288, 17270, 17218, 17153, 17073, 16955, 16760, 16470, 16254, 16168, 16197, 16225, 16245, 16267, 16293, 16313, 16317, 16296, 16301, 16309, 16317, 16294, 16297, 16287, 16269, 16302, 16301, 16275, 16264, 16241, 16223, 16203, 16181, 16130, 16118, 16093, 16061, 16025, 15995, 15957, 15913, 15856, 15802, 15761, 15703, 15633, 15577, 15488, 15392, 15285, 15178, 15203, 15364, 15785, 16228, 17037, 17763, 18324, 18742, 19056, 19307, 19501, 19576, 19582, 19539, 19446, 19270, 19004, 18697, 18407, 18049, 17703, 17316, 16955, 16555, 16167, 15781, 15394, 15004, 14627, 14236, 13834, 13436, 12943, 12439, 11933, 11311, 10650, 10036, 9523, 9114, 8880, 8860, 8892, 8907, 8926, 8930, 8928, 8935, 8930, 8919, 8914, 8894, 8872, 8842, 8807, 8761, 8695, 8613, 8521, 8421, 8263, 8115, 7907, 7712, 7491, 7244, 7012, 6782, 6532]"
11,1529503809767,0,"[793, 838, 888, 990, 1027, 1074, 1125, 1304, 1380, 1428, 1503, 1699, 1770, 1897, 2012, 2185, 2262, 2419, 2501, 2528, 2584, 2671, 2735, 2766, 2804, 2840, 2847, 2873, 2870, 2877, 2854, 2850, 2826, 2808, 2762, 2713, 2681, 2648, 2605, 2634, 2653, 2688, 2760, 2937, 3002, 3089, 3157, 3356, 3437, 3563, 3667, 3890, 3974, 4070, 4169, 4375, 4464, 4564, 4640, 4879, 4989, 5115, 5213, 5522, 5638, 5775, 5941, 6305, 6444, 6652, 6813, 7265, 7420, 7648, 7824, 8208, 8400, 8600, 8751, 9064, 9216, 9406, 9543, 9812, 9918, 10074, 10206, 10454, 10541, 10670, 10775, 11013, 11104, 11244, 11341, 11567, 11677, 11830, 11936, 12185, 12306, 12435, 12587, 12831, 12948, 13115, 13261, 13489, 13606, 13748, 13876, 14050, 14139, 14219, 14297, 14382, 14372, 14341, 14282, 14191, 14154, 14198, 14255, 14368, 14431, 14496, 14537, 14620, 14662, 14690, 14723, 14738, 14754, 14745, 14741, 14747, 14740, 14735, 14697, 14654, 14624, 14598, 14563, 14503, 14464, 14396, 14350, 14264, 14194, 14115, 14036, 13930, 13842, 13735, 13637, 13550, 13440, 13304, 13170, 13027, 12892, 12812, 12821, 12920, 13015, 13228, 13650, 14217, 14623, 14906, 15130, 15325, 15426, 15564, 15640, 15666, 15660, 15624, 15579, 15476, 15305, 15135, 14905, 14644, 14365, 14051, 13797, 13472, 13177, 12859, 12505, 12146, 11826, 11444, 11092, 10695, 10379, 10023, 9662, 9275, 8925, 8547, 8313, 8164, 8115, 8129, 8116, 8091, 8083, 8069, 8050, 8018, 7976, 7920, 7879, 7816, 7730, 7643, 7521, 7365, 7213, 7082, 6900, 6707, 6499, 6303, 6097, 5863, 5640, 5433]"
12,1529503813183,0,"[1440, 1489, 1564, 1796, 1847, 1967, 2105, 2385, 2467, 2616, 2782, 3035, 3143, 3326, 3498, 3677, 3804, 3917, 4029, 4103, 4161, 4144, 4175, 4222, 4214, 4207, 4178, 4111, 4058, 3983, 3906, 3823, 3714, 3595, 3485, 3333, 3157, 3066, 3026, 2967, 2956, 2971, 2980, 3038, 3050, 3086, 3139, 3364, 3422, 3536, 3616, 3845, 3941, 4068, 4174, 4481, 4634, 4818, 4958, 5416, 5624, 5932, 6142, 6593, 6806, 7053, 7281, 7820, 8016, 8286, 8522, 9042, 9249, 9484, 9685, 10144, 10345, 10588, 10740, 11124, 11297, 11504, 11660, 11992, 12147, 12328, 12498, 12813, 12942, 13096, 13243, 13569, 13702, 13867, 14056, 14400, 14575, 14775, 14944, 15247, 15425, 15607, 15758, 15986, 16138, 16300, 16460, 16610, 16707, 16777, 16841, 16911, 16916, 16945, 16890, 16810, 16664, 16460, 16247, 15999, 15945, 15976, 16005, 16051, 16072, 16109, 16126, 16138, 16160, 16170, 16185, 16188, 16187, 16191, 16193, 16218, 16210, 16209, 16189, 16153, 16147, 16131, 16111, 16059, 16035, 16004, 15984, 15911, 15863, 15820, 15791, 15745, 15696, 15642, 15583, 15499, 15432, 15330, 15223, 15056, 14932, 14817, 14772, 14878, 15137, 15627, 16416, 17175, 17600, 17985, 18256, 18510, 18663, 18740, 18788, 18733, 18593, 18426, 18205, 17976, 17721, 17392, 17056, 16700, 16332, 15918, 15581, 15220, 14850, 14423, 14038, 13663, 13250, 12863, 12364, 11856, 11303, 10738, 10170, 9640, 9242, 8943, 8857, 8853, 8877, 8891, 8898, 8928, 8932, 8925, 8912, 8896, 8873, 8850, 8808, 8786, 8709, 8624, 8530, 8392, 8290, 8108, 7940, 7721, 7505, 7320, 7111, 6870, 6626, 6430]"
13,1529503816592,0,"[3711, 3931, 4121, 4310, 4491, 4649, 4814, 5060, 5234, 5356, 5544, 5676, 5820, 5949, 6059, 6169, 6290, 6364, 6458, 6569, 6652, 6744, 6840, 6881, 6959, 7062, 7129, 7166, 7230, 7289, 7377, 7436, 7546, 7648, 7724, 7830, 7941, 8022, 8119, 8209, 8341, 8475, 8602, 8722, 8858, 8917, 8994, 9099, 9170, 9251, 9333, 9442, 9533, 9547, 9576, 9587, 9614, 9622, 9624, 9650, 9703, 9789, 9935, 10198, 10387, 10574, 10789, 11122, 11277, 11459, 11663, 12029, 12141, 12337, 12502, 12814, 12955, 13130, 13250, 13567, 13674, 13855, 13967, 14287, 14421, 14601, 14754, 15063, 15197, 15385, 15561, 15885, 16022, 16187, 16313, 16571, 16706, 16841, 16967, 17146, 17269, 17368, 17465, 17613, 17717, 17785, 17812, 17780, 17745, 17690, 17623, 17499, 17345, 17189, 16986, 16697, 16611, 16619, 16631, 16599, 16616, 16623, 16627, 16617, 16618, 16623, 16623, 16656, 16656, 16657, 16649, 16632, 16624, 16613, 16609, 16572, 16563, 16548, 16536, 16506, 16485, 16470, 16448, 16423, 16383, 16350, 16322, 16258, 16208, 16156, 16091, 15998, 15910, 15792, 15688, 15576, 15504, 15637, 15900, 16399, 17097, 18011, 18525, 19042, 19395, 19715, 19902, 20014, 20009, 19955, 19798, 19593, 19327, 19011, 18646, 18260, 17844, 17391, 16962, 16496, 16045, 15567, 15118, 14630, 14106, 13514, 12977, 12227, 11542, 10815, 10152, 9424, 9026, 8764, 8670, 8619, 8615, 8614, 8610, 8600, 8599, 8595, 8591, 8537, 8531, 8524, 8516, 8487, 8467, 8444, 8417, 8384, 8366, 8337, 8289, 8251, 8175, 8095, 8009, 7871, 7755, 7645, 7492, 7285, 7070, 6894, 6681, 6449, 6193, 5940]"
14,1529503820004,0,"[2161, 2282, 2402, 2752, 2835, 3015, 3181, 3420, 3571, 3725, 3862, 4004, 4131, 4216, 4268, 4360, 4413, 4467, 4492, 4473, 4455, 4394, 4354, 4310, 4191, 4095, 3945, 3773, 3644, 3490, 3406, 3226, 3132, 3057, 3044, 3033, 3040, 3045, 3053, 3035, 3045, 3055, 3059, 3086, 3092, 3100, 3109, 3211, 3215, 3220, 3242, 3381, 3423, 3535, 3659, 4077, 4286, 4576, 4810, 5416, 5693, 6039, 6331, 6931, 7201, 7510, 7752, 8264, 8468, 8708, 8935, 9406, 9579, 9803, 9961, 10374, 10553, 10739, 10899, 11251, 11397, 11603, 11747, 12100, 12268, 12459, 12615, 12979, 13116, 13322, 13492, 13889, 14052, 14267, 14467, 14835, 15019, 15211, 15398, 15690, 15855, 16021, 16162, 16333, 16463, 16588, 16728, 16829, 16848, 16878, 16872, 16870, 16836, 16774, 16699, 16534, 16311, 16041, 15895, 15883, 15911, 15941, 15968, 15974, 15993, 16020, 16027, 16043, 16049, 16055, 16055, 16040, 16030, 16032, 16024, 16012, 16000, 15985, 15966, 15920, 15901, 15870, 15842, 15798, 15766, 15739, 15711, 15626, 15590, 15542, 15480, 15406, 15332, 15255, 15175, 15065, 14967, 14848, 14728, 14636, 14642, 14758, 14926, 15398, 15921, 16632, 17119, 17523, 17814, 18032, 18195, 18289, 18350, 18366, 18298, 18174, 18005, 17774, 17513, 17218, 16934, 16615, 16267, 15910, 15542, 15171, 14790, 14431, 14072, 13665, 13297, 12867, 12397, 11949, 11427, 10798, 10201, 9682, 9203, 8887, 8745, 8732, 8763, 8791, 8812, 8812, 8805, 8805, 8786, 8756, 8731, 8719, 8687, 8629, 8599, 8516, 8436, 8335, 8193, 8093, 7952, 7764, 7599, 7402, 7202, 7008, 6771, 6568, 6312, 6028]"
15,1529503823423,0,"[1345, 1465, 1538, 1735, 1804, 1928, 2043, 2179, 2286, 2356, 2436, 2541, 2602, 2648, 2672, 2701, 2734, 2736, 2785, 2785, 2789, 2785, 2750, 2702, 2665, 2628, 2579, 2534, 2486, 2409, 2352, 2279, 2243, 2253, 2253, 2297, 2313, 2332, 2329, 2398, 2402, 2425, 2436, 2518, 2538, 2552, 2570, 2718, 2762, 2855, 2956, 3223, 3336, 3469, 3593, 3942, 4077, 4242, 4366, 4729, 4900, 5126, 5319, 5696, 5858, 6063, 6202, 6499, 6615, 6773, 6899, 7201, 7305, 7459, 7618, 7859, 7968, 8095, 8201, 8432, 8525, 8643, 8766, 9027, 9123, 9294, 9426, 9654, 9764, 9921, 10048, 10356, 10474, 10655, 10797, 11050, 11208, 11369, 11517, 11722, 11843, 11962, 12014, 12101, 12132, 12167, 12159, 12113, 12121, 12091, 12005, 11940, 11935, 11894, 11935, 11994, 12000, 12047, 12053, 12123, 12155, 12187, 12223, 12226, 12241, 12256, 12278, 12301, 12284, 12288, 12267, 12275, 12274, 12240, 12237, 12166, 12156, 12106, 12092, 12023, 11970, 11925, 11876, 11826, 11754, 11732, 11679, 11544, 11516, 11437, 11413, 11319, 11212, 11147, 11063, 11096, 11261, 11534, 11855, 12210, 12439, 12678, 12830, 12953, 13041, 13085, 13066, 13016, 12947, 12850, 12750, 12635, 12498, 12346, 12137, 11892, 11754, 11515, 11328, 11020, 10801, 10517, 10223, 9770, 9472, 9143, 8832, 8457, 8171, 7847, 7518, 7219, 7025, 6872, 6743, 6606, 6536, 6477, 6432, 6383, 6342, 6339, 6329, 6298, 6269, 6260, 6234, 6189, 6151, 6099, 6036, 5991, 5953, 5838, 5768, 5650, 5523, 5351, 5203, 5001, 4810, 4593, 4421, 4227, 4031, 3846, 3683, 3462, 3283, 3079]"
16,1529503826850,0,"[1651, 1768, 1907, 2198, 2298, 2451, 2610, 2798, 2889, 3034, 3145, 3310, 3421, 3516, 3606, 3643, 3709, 3774, 3813, 3832, 3817, 3794, 3763, 3730, 3699, 3640, 3574, 3519, 3463, 3353, 3248, 3167, 3028, 2956, 2884, 2787, 2688, 2639, 2649, 2690, 2705, 2745, 2777, 2884, 2912, 2979, 3046, 3292, 3395, 3533, 3654, 3985, 4102, 4281, 4433, 4752, 4895, 5090, 5255, 5640, 5822, 6039, 6204, 6562, 6737, 6941, 7121, 7454, 7600, 7806, 7985, 8327, 8472, 8675, 8830, 9136, 9271, 9389, 9536, 9800, 9897, 10026, 10134, 10381, 10489, 10636, 10786, 11025, 11121, 11251, 11372, 11654, 11759, 11918, 12089, 12379, 12537, 12748, 12925, 13207, 13396, 13584, 13747, 13918, 13997, 14060, 14113, 14153, 14159, 14192, 14172, 14145, 14098, 14031, 13973, 13839, 13730, 13579, 13482, 13419, 13408, 13421, 13442, 13455, 13480, 13510, 13514, 13538, 13548, 13556, 13562, 13555, 13568, 13556, 13550, 13571, 13550, 13538, 13502, 13484, 13473, 13444, 13425, 13346, 13332, 13309, 13280, 13220, 13184, 13110, 13074, 13028, 12974, 12948, 12906, 12851, 12779, 12724, 12671, 12623, 12582, 12646, 12755, 13214, 13964, 14722, 15318, 15798, 16141, 16416, 16585, 16662, 16597, 16523, 16386, 16214, 16054, 15864, 15675, 15448, 15271, 15070, 14800, 14492, 14246, 13971, 13671, 13277, 13010, 12671, 12373, 11964, 11625, 11256, 10927, 10443, 10044, 9634, 9129, 8596, 8328, 8057, 7821, 7620, 7528, 7521, 7495, 7482, 7477, 7478, 7472, 7438, 7413, 7402, 7350, 7319, 7248, 7187, 7121, 7081, 6989, 6910, 6813, 6665, 6555, 6437, 6286, 6123, 5895, 5652]"
17,1529503830255,0,"[271, 290, 306, 385, 407, 431, 454, 550, 563, 597, 621, 719, 737, 771, 807, 916, 951, 974, 1020, 1065, 1078, 1123, 1130, 1183, 1186, 1203, 1234, 1288, 1291, 1303, 1307, 1360, 1369, 1385, 1401, 1467, 1467, 1490, 1497, 1556, 1560, 1588, 1597, 1673, 1686, 1710, 1741, 1832, 1847, 1901, 1935, 2033, 2075, 2122, 2169, 2309, 2354, 2410, 2456, 2616, 2677, 2768, 2861, 3024, 3066, 3168, 3257, 3423, 3507, 3584, 3687, 3882, 3956, 4053, 4114, 4298, 4383, 4459, 4533, 4695, 4769, 4867, 4926, 5088, 5160, 5258, 5343, 5496, 5555, 5665, 5760, 5970, 6071, 6199, 6297, 6469, 6563, 6706, 6801, 6961, 7048, 7143, 7198, 7349, 7437, 7496, 7568, 7686, 7732, 7776, 7832, 7903, 7932, 7956, 7970, 8041, 8056, 8109, 8146, 8210, 8263, 8318, 8364, 8440, 8469, 8501, 8523, 8536, 8542, 8543, 8541, 8512, 8510, 8511, 8506, 8467, 8435, 8400, 8359, 8286, 8263, 8234, 8202, 8067, 8009, 7950, 7899, 7773, 7713, 7637, 7580, 7469, 7404, 7286, 7195, 7093, 7000, 6916, 6868, 6859, 6874, 6983, 7139, 7315, 7428, 7530, 7607, 7663, 7724, 7778, 7805, 7787, 7778, 7755, 7681, 7592, 7510, 7426, 7352, 7253, 7148, 7063, 6923, 6771, 6615, 6480, 6331, 6166, 6033, 5869, 5728, 5569, 5399, 5287, 5151, 5004, 4904, 4820, 4745, 4717, 4655, 4593, 4578, 4538, 4521, 4495, 4429, 4386, 4352, 4286, 4246, 4166, 4116, 4016, 3945, 3869, 3773, 3630, 3550, 3429, 3301, 3189, 3073, 2898, 2721, 2585, 2470, 2271, 2134, 1968]"
18,1529503833628,0,"[111, 121, 126, 183, 186, 204, 205, 262, 262, 283, 286, 359, 359, 383, 387, 464, 468, 491, 497, 572, 577, 601, 612, 694, 698, 713, 730, 789, 792, 812, 823, 895, 901, 913, 923, 972, 979, 985, 999, 1070, 1079, 1080, 1101, 1139, 1140, 1158, 1164, 1221, 1231, 1244, 1246, 1284, 1296, 1317, 1339, 1391, 1419, 1443, 1458, 1558, 1603, 1634, 1671, 1765, 1803, 1870, 1909, 2046, 2089, 2162, 2194, 2299, 2352, 2439, 2513, 2667, 2725, 2765, 2821, 2965, 2994, 3052, 3114, 3215, 3279, 3332, 3387, 3526, 3569, 3633, 3685, 3816, 3874, 3931, 3973, 4135, 4191, 4274, 4347, 4494, 4559, 4657, 4720, 4890, 4947, 5043, 5111, 5253, 5307, 5350, 5416, 5540, 5588, 5635, 5697, 5839, 5888, 5949, 6009, 6105, 6153, 6199, 6230, 6272, 6316, 6329, 6361, 6376, 6374, 6377, 6372, 6356, 6338, 6335, 6324, 6286, 6270, 6225, 6205, 6151, 6107, 6059, 6024, 5924, 5873, 5843, 5783, 5610, 5544, 5470, 5418, 5297, 5202, 5129, 5032, 4854, 4774, 4704, 4618, 4508, 4438, 4443, 4452, 4554, 4639, 4691, 4740, 4790, 4824, 4875, 4897, 4949, 4961, 4945, 4969, 4965, 4968, 4951, 4899, 4811, 4753, 4716, 4615, 4513, 4416, 4271, 4172, 4038, 3964, 3869, 3782, 3687, 3619, 3558, 3478, 3413, 3379, 3376, 3344, 3312, 3272, 3263, 3244, 3183, 3165, 3132, 3097, 3054, 3008, 2932, 2914, 2818, 2752, 2726, 2618, 2509, 2396, 2312, 2222, 2063, 1932, 1871, 1769, 1594, 1470, 1363, 1316, 1170, 1071, 985]"
19,1529503837044,0,"[547, 584, 633, 760, 783, 850, 914, 1026, 1063, 1125, 1149, 1245, 1280, 1338, 1366, 1424, 1447, 1478, 1511, 1553, 1548, 1547, 1554, 1598, 1591, 1601, 1602, 1650, 1653, 1679, 1691, 1765, 1763, 1781, 1808, 1883, 1894, 1920, 1944, 1988, 2001, 2032, 2060, 2139, 2155, 2170, 2185, 2244, 2275, 2300, 2320, 2424, 2446, 2506, 2548, 2688, 2744, 2836, 2918, 3126, 3239, 3389, 3486, 3709, 3801, 3939, 4024, 4279, 4409, 4553, 4679, 4947, 5049, 5202, 5322, 5570, 5694, 5813, 5925, 6125, 6206, 6345, 6454, 6655, 6746, 6871, 6962, 7166, 7243, 7355, 7440, 7652, 7726, 7862, 7948, 8193, 8298, 8401, 8513, 8724, 8835, 8950, 9061, 9224, 9303, 9418, 9511, 9619, 9669, 9749, 9800, 9876, 9891, 9914, 9928, 9944, 9982, 10039, 10111, 10208, 10277, 10329, 10365, 10432, 10470, 10504, 10529, 10552, 10552, 10557, 10563, 10581, 10540, 10500, 10486, 10454, 10415, 10349, 10301, 10245, 10179, 10112, 10058, 9934, 9862, 9788, 9711, 9590, 9501, 9422, 9330, 9190, 9092, 8999, 8931, 8785, 8686, 8573, 8474, 8406, 8413, 8641, 8901, 9167, 9387, 9542, 9656, 9751, 9850, 9876, 9910, 9904, 9880, 9853, 9838, 9766, 9686, 9558, 9441, 9340, 9172, 8977, 8765, 8563, 8335, 8167, 7972, 7741, 7531, 7330, 7129, 6939, 6757, 6585, 6393, 6214, 5986, 5839, 5744, 5634, 5588, 5536, 5494, 5451, 5418, 5376, 5332, 5307, 5256, 5202, 5126, 5030, 4939, 4847, 4745, 4598, 4470, 4367, 4219, 4074, 3942, 3795, 3659, 3446, 3289, 3124, 2989, 2795, 2660, 2515]"
20,1529503840471,0,"[1145, 1236, 1308, 1422, 1508, 1585, 1655, 1891, 1967, 2059, 2213, 2457, 2570, 2701, 2848, 3036, 3139, 3266, 3382, 3439, 3500, 3542, 3591, 3594, 3612, 3630, 3606, 3618, 3619, 3614, 3592, 3516, 3439, 3439, 3354, 3218, 3115, 3033, 2972, 2898, 2876, 2904, 2916, 3059, 3095, 3155, 3210, 3412, 3450, 3544, 3657, 3902, 4002, 4116, 4212, 4470, 4577, 4737, 4842, 5159, 5280, 5446, 5626, 5999, 6180, 6401, 6604, 7095, 7287, 7513, 7729, 8229, 8431, 8641, 8886, 9286, 9481, 9702, 9860, 10248, 10401, 10605, 10744, 11063, 11212, 11364, 11521, 11797, 11913, 12042, 12158, 12449, 12562, 12725, 12877, 13189, 13323, 13504, 13675, 13969, 14129, 14318, 14476, 14737, 14875, 14998, 15149, 15342, 15471, 15584, 15714, 15868, 15946, 16018, 16089, 16148, 16158, 16083, 16001, 15918, 15841, 15789, 15800, 15876, 15924, 15978, 16024, 16055, 16078, 16109, 16124, 16123, 16120, 16125, 16121, 16145, 16125, 16098, 16069, 16042, 16019, 15974, 15941, 15879, 15840, 15774, 15708, 15577, 15499, 15441, 15358, 15226, 15142, 15051, 14977, 14833, 14703, 14559, 14424, 14237, 14123, 13970, 13880, 14004, 14109, 14472, 15090, 15834, 16304, 16671, 16955, 17190, 17365, 17449, 17500, 17486, 17434, 17334, 17247, 17123, 16915, 16684, 16425, 16133, 15750, 15431, 15084, 14728, 14402, 14051, 13698, 13302, 12906, 12476, 12046, 11586, 11135, 10679, 10168, 9727, 9314, 9010, 8900, 8836, 8837, 8863, 8878, 8857, 8834, 8850, 8830, 8800, 8743, 8694, 8630, 8540, 8419, 8314, 8164, 8030, 7854, 7672, 7491, 7273, 7070, 6889, 6661, 6404, 6157, 5922]"
21,1529503843885,0,"[1396, 1429, 1482, 1554, 1572, 1586, 1616, 1715, 1748, 1783, 1819, 1891, 1934, 1981, 2011, 2057, 2060, 2095, 2085, 2114, 2101, 2131, 2119, 2152, 2159, 2173, 2188, 2266, 2275, 2293, 2302, 2398, 2420, 2436, 2452, 2536, 2556, 2589, 2615, 2733, 2819, 2928, 2993, 3194, 3298, 3417, 3522, 3765, 3861, 3983, 4087, 4357, 4455, 4559, 4679, 4929, 5019, 5133, 5244, 5531, 5634, 5757, 5830, 6123, 6249, 6419, 6542, 6860, 6993, 7174, 7337, 7640, 7766, 7974, 8131, 8398, 8545, 8702, 8808, 9062, 9177, 9324, 9435, 9686, 9794, 9920, 10044, 10229, 10318, 10413, 10500, 10637, 10716, 10808, 10857, 10974, 11039, 11109, 11174, 11257, 11317, 11331, 11340, 11392, 11396, 11407, 11408, 11432, 11434, 11459, 11454, 11460, 11499, 11554, 11574, 11656, 11681, 11726, 11752, 11755, 11785, 11788, 11794, 11821, 11834, 11856, 11866, 11802, 11775, 11742, 11701, 11652, 11608, 11564, 11510, 11421, 11338, 11267, 11170, 11025, 10925, 10804, 10707, 10618, 10567, 10543, 10510, 10580, 10694, 10834, 10953, 11136, 11295, 11409, 11531, 11663, 11764, 11797, 11811, 11791, 11779, 11720, 11686, 11627, 11559, 11503, 11443, 11345, 11263, 11182, 11065, 10934, 10796, 10683, 10540, 10359, 10190, 9994, 9809, 9585, 9347, 9160, 8933, 8656, 8396, 8110, 7912, 7677, 7468, 7252, 7113, 6918, 6716, 6556, 6410, 6229, 6108, 5994, 5894, 5831, 5782, 5742, 5687, 5613, 5560, 5508, 5463, 5395, 5342, 5291, 5257, 5167, 5112, 5019, 4942, 4789, 4667, 4520, 4385, 4217, 4098, 3979, 3881, 3667, 3525, 3356, 3223, 3021, 2829, 2628]"
22,1529503847300,0,"[1312, 1363, 1395, 1462, 1500, 1546, 1587, 1649, 1686, 1684, 1700, 1776, 1805, 1852, 1872, 1960, 1969, 2011, 2018, 2078, 2078, 2087, 2094, 2182, 2193, 2218, 2242, 2317, 2338, 2354, 2373, 2451, 2468, 2490, 2506, 2563, 2584, 2612, 2621, 2700, 2710, 2722, 2753, 2856, 2927, 2990, 3055, 3275, 3383, 3488, 3609, 3882, 3987, 4102, 4205, 4462, 4565, 4705, 4803, 5078, 5182, 5317, 5433, 5718, 5845, 5985, 6130, 6446, 6573, 6760, 6920, 7248, 7381, 7570, 7729, 8058, 8222, 8372, 8531, 8778, 8890, 9059, 9225, 9439, 9549, 9704, 9845, 10032, 10120, 10225, 10313, 10471, 10530, 10615, 10704, 10794, 10846, 10928, 10995, 11097, 11151, 11178, 11196, 11248, 11243, 11247, 11254, 11267, 11272, 11267, 11258, 11300, 11329, 11350, 11374, 11419, 11446, 11472, 11502, 11534, 11555, 11554, 11561, 11587, 11610, 11630, 11621, 11566, 11556, 11538, 11526, 11467, 11423, 11372, 11305, 11220, 11137, 11052, 10968, 10828, 10734, 10627, 10518, 10399, 10317, 10264, 10234, 10235, 10295, 10393, 10500, 10601, 10759, 10838, 10947, 11046, 11133, 11203, 11263, 11260, 11258, 11215, 11173, 11096, 11039, 11005, 10919, 10826, 10742, 10658, 10567, 10415, 10300, 10133, 9997, 9840, 9687, 9507, 9356, 9153, 8964, 8727, 8500, 8230, 8018, 7776, 7599, 7373, 7143, 6934, 6755, 6572, 6400, 6276, 6126, 5988, 5842, 5738, 5616, 5540, 5506, 5447, 5398, 5343, 5291, 5256, 5219, 5126, 5091, 5047, 5016, 4915, 4858, 4787, 4683, 4528, 4424, 4309, 4204, 4020, 3924, 3790, 3700, 3508, 3388, 3245, 3120, 2915, 2750, 2565]"
23,1529503850714,0,"[1371, 1404, 1456, 1555, 1589, 1610, 1662, 1753, 1776, 1817, 1848, 1909, 1917, 1949, 1976, 2053, 2062, 2083, 2081, 2116, 2109, 2102, 2113, 2184, 2193, 2219, 2234, 2304, 2309, 2343, 2360, 2440, 2451, 2472, 2494, 2567, 2584, 2604, 2626, 2732, 2773, 2858, 2931, 3137, 3230, 3360, 3445, 3707, 3794, 3934, 4048, 4282, 4376, 4487, 4588, 4852, 4963, 5090, 5197, 5461, 5567, 5708, 5805, 6114, 6221, 6365, 6509, 6839, 6964, 7152, 7313, 7672, 7788, 7964, 8137, 8409, 8554, 8720, 8832, 9091, 9225, 9398, 9497, 9721, 9834, 9990, 10100, 10267, 10370, 10452, 10550, 10708, 10760, 10839, 10902, 11015, 11069, 11131, 11189, 11287, 11331, 11367, 11386, 11387, 11402, 11403, 11393, 11427, 11432, 11417, 11424, 11469, 11497, 11532, 11563, 11620, 11658, 11680, 11693, 11708, 11719, 11752, 11770, 11773, 11780, 11795, 11781, 11731, 11730, 11722, 11699, 11604, 11566, 11503, 11434, 11335, 11262, 11184, 11105, 10943, 10828, 10714, 10615, 10539, 10495, 10454, 10461, 10547, 10628, 10758, 10884, 11045, 11172, 11268, 11348, 11454, 11501, 11530, 11546, 11562, 11559, 11506, 11442, 11358, 11274, 11207, 11146, 11056, 10965, 10860, 10764, 10586, 10464, 10319, 10170, 10034, 9887, 9728, 9584, 9372, 9183, 8967, 8718, 8432, 8154, 7918, 7731, 7500, 7311, 7098, 6890, 6728, 6572, 6404, 6254, 6109, 5967, 5835, 5711, 5608, 5541, 5497, 5442, 5379, 5338, 5284, 5240, 5176, 5104, 5085, 5031, 4960, 4885, 4814, 4734, 4546, 4442, 4333, 4236, 4086, 3972, 3811, 3725, 3531, 3399, 3260, 3128, 2936, 2758, 2563]"
24,1529503854122,0,"[1217, 1268, 1310, 1358, 1380, 1444, 1471, 1549, 1589, 1607, 1624, 1691, 1719, 1738, 1753, 1843, 1859, 1866, 1891, 1939, 1939, 1963, 1966, 2031, 2037, 2051, 2052, 2146, 2150, 2178, 2185, 2263, 2273, 2298, 2303, 2395, 2416, 2444, 2462, 2543, 2569, 2631, 2702, 2870, 2970, 3060, 3152, 3407, 3486, 3625, 3730, 3953, 4059, 4184, 4265, 4495, 4589, 4714, 4818, 5050, 5154, 5298, 5397, 5644, 5731, 5885, 5992, 6269, 6408, 6569, 6696, 7005, 7144, 7326, 7465, 7764, 7913, 8070, 8196, 8462, 8598, 8739, 8851, 9072, 9176, 9288, 9396, 9562, 9649, 9752, 9833, 9976, 10036, 10087, 10136, 10269, 10342, 10391, 10459, 10510, 10529, 10553, 10581, 10636, 10635, 10629, 10618, 10640, 10647, 10675, 10694, 10762, 10797, 10842, 10873, 10918, 10970, 10983, 10994, 11032, 11056, 11059, 11062, 11077, 11087, 11095, 11091, 11046, 11023, 11005, 10975, 10906, 10866, 10807, 10739, 10624, 10547, 10457, 10366, 10229, 10142, 10064, 9963, 9858, 9784, 9714, 9683, 9688, 9762, 9864, 9994, 10148, 10248, 10346, 10447, 10549, 10599, 10622, 10668, 10656, 10632, 10608, 10533, 10454, 10406, 10332, 10259, 10173, 10093, 9993, 9891, 9763, 9598, 9434, 9314, 9207, 9044, 8889, 8770, 8560, 8321, 8118, 7948, 7718, 7503, 7274, 7098, 6840, 6626, 6408, 6252, 6092, 5944, 5838, 5712, 5549, 5413, 5318, 5243, 5155, 5139, 5062, 5032, 4955, 4889, 4853, 4813, 4737, 4697, 4651, 4595, 4500, 4413, 4341, 4267, 4126, 4016, 3924, 3824, 3641, 3528, 3407, 3322, 3110, 2963, 2846, 2709, 2478, 2329, 2158]"
25,1529503857536,0,"[1344, 1387, 1434, 1511, 1523, 1551, 1580, 1639, 1662, 1685, 1725, 1826, 1841, 1868, 1888, 1971, 1996, 2012, 2006, 2057, 2058, 2079, 2090, 2195, 2194, 2211, 2233, 2311, 2326, 2347, 2359, 2429, 2444, 2479, 2496, 2553, 2579, 2612, 2623, 2687, 2716, 2733, 2767, 2893, 2954, 3038, 3133, 3329, 3423, 3566, 3678, 3949, 4069, 4211, 4329, 4557, 4658, 4759, 4870, 5144, 5263, 5407, 5521, 5798, 5920, 6066, 6201, 6503, 6621, 6785, 6953, 7308, 7454, 7630, 7781, 8089, 8232, 8384, 8510, 8797, 8937, 9090, 9230, 9494, 9601, 9745, 9854, 10041, 10120, 10226, 10331, 10476, 10534, 10627, 10684, 10800, 10870, 10916, 10985, 11081, 11137, 11172, 11190, 11235, 11247, 11227, 11239, 11245, 11230, 11228, 11229, 11263, 11282, 11329, 11342, 11373, 11411, 11430, 11443, 11487, 11512, 11518, 11540, 11552, 11574, 11580, 11566, 11535, 11519, 11491, 11459, 11402, 11374, 11307, 11246, 11155, 11070, 10990, 10894, 10780, 10670, 10571, 10474, 10341, 10276, 10216, 10173, 10175, 10241, 10358, 10485, 10603, 10715, 10867, 10991, 11093, 11149, 11202, 11222, 11236, 11230, 11202, 11160, 11101, 11059, 10965, 10908, 10829, 10729, 10622, 10510, 10366, 10216, 10068, 9924, 9765, 9631, 9472, 9306, 9118, 8939, 8729, 8525, 8261, 8008, 7790, 7586, 7367, 7160, 6955, 6795, 6606, 6451, 6283, 6099, 5990, 5850, 5727, 5617, 5514, 5438, 5379, 5345, 5286, 5227, 5186, 5140, 5073, 5044, 5015, 4984, 4884, 4811, 4727, 4655, 4481, 4387, 4288, 4212, 4026, 3920, 3815, 3693, 3459, 3326, 3200, 3088, 2836, 2693, 2532]"
26,1529503860918,0,"[440, 453, 467, 570, 575, 599, 600, 694, 706, 724, 741, 825, 855, 887, 896, 960, 977, 1008, 1015, 1086, 1097, 1111, 1119, 1183, 1184, 1212, 1231, 1259, 1268, 1284, 1289, 1349, 1347, 1378, 1379, 1405, 1411, 1422, 1422, 1476, 1481, 1496, 1493, 1535, 1532, 1550, 1552, 1593, 1598, 1598, 1615, 1667, 1670, 1692, 1707, 1793, 1823, 1888, 1929, 2042, 2083, 2151, 2193, 2325, 2379, 2421, 2461, 2626, 2663, 2729, 2798, 2954, 3027, 3088, 3146, 3291, 3349, 3389, 3440, 3611, 3665, 3744, 3810, 3967, 4041, 4106, 4174, 4311, 4369, 4417, 4477, 4615, 4676, 4737, 4784, 4931, 4979, 5040, 5103, 5224, 5292, 5361, 5404, 5508, 5535, 5568, 5591, 5693, 5728, 5774, 5823, 5914, 5959, 6009, 6057, 6165, 6181, 6218, 6244, 6317, 6328, 6335, 6365, 6390, 6393, 6414, 6422, 6402, 6391, 6378, 6365, 6302, 6264, 6235, 6198, 6148, 6098, 6053, 6008, 5886, 5826, 5758, 5682, 5529, 5470, 5386, 5299, 5175, 5087, 5018, 4928, 4817, 4708, 4622, 4555, 4483, 4479, 4500, 4497, 4524, 4533, 4574, 4607, 4617, 4622, 4624, 4628, 4620, 4605, 4628, 4620, 4596, 4589, 4575, 4549, 4503, 4451, 4389, 4330, 4243, 4158, 4114, 4013, 3909, 3807, 3716, 3598, 3508, 3456, 3390, 3332, 3285, 3241, 3220, 3193, 3159, 3135, 3131, 3111, 3054, 3032, 2986, 2924, 2880, 2846, 2793, 2756, 2707, 2603, 2569, 2505, 2349, 2276, 2182, 2115, 1985, 1868, 1788, 1717, 1545, 1486, 1365, 1325, 1175, 1047, 996, 931, 799, 750, 629]"
27,1529503864224,0,"[120, 120, 120, 120, 120, 120, 120, 118, 119, 120, 120, 120, 120, 120, 120, 120, 120, 120, 120, 120, 120, 120, 120, 118, 118, 117, 117, 109, 109, 107, 107, 89, 89, 89, 89, 89, 89, 88, 88, 67, 69, 73, 74, 75, 74, 68, 68, 62, 67, 63, 60, 60, 61, 66, 65, 72, 71, 69, 73, 69, 64, 62, 59, 69, 67, 68, 66, 62, 59, 62, 58, 66, 68, 69, 67, 83, 81, 79, 79, 92, 90, 92, 93, 95, 93, 92, 92, 105, 105, 109, 109, 120, 120, 120, 120, 120, 120, 120, 120, 120, 122, 123, 122, 132, 133, 135, 136, 146, 146, 152, 150, 157, 161, 169, 175, 180, 182, 188, 193, 210, 211, 210, 218, 260, 267, 272, 281, 300, 302, 303, 312, 334, 339, 357, 363, 365, 359, 364, 377, 397, 391, 385, 379, 356, 352, 361, 357, 350, 352, 339, 336, 324, 316, 312, 309, 295, 296, 296, 301, 269, 268, 261, 257, 240, 241, 235, 231, 202, 200, 192, 178, 171, 171, 165, 152, 147, 145, 139, 138, 137, 136, 137, 134, 79, 82, 76, 93, 70, 74, 62, 64, 54, 51, 56, 47, 55, 52, 58, 52, 49, 42, 42, 51, 40, 36, 34, 33, 27, 33, 24, 24, 40, 32, 34, 39, 56, 45, 52, 60, 62, 57, 58, 53, 87, 90, 90, 89, 83, 85, 83]"
28,1529503867551,0,"[120, 120, 120, 120, 120, 120, 120, 120, 120, 120, 120, 120, 120, 117, 117, 113, 113, 107, 107, 91, 92, 96, 96, 87, 88, 86, 88, 90, 91, 89, 88, 78, 78, 79, 79, 45, 45, 49, 47, 62, 62, 64, 63, 85, 87, 92, 84, 128, 128, 140, 138, 155, 155, 158, 158, 165, 168, 171, 171, 177, 175, 176, 174, 176, 177, 180, 177, 154, 147, 149, 142, 101, 92, 85, 71, 60, 59, 60, 54, 72, 68, 63, 61, 76, 75, 79, 76, 86, 90, 94, 93, 122, 122, 126, 125, 124, 122, 129, 132, 143, 143, 146, 152, 165, 170, 181, 186, 211, 228, 238, 252, 298, 323, 324, 345, 390, 399, 432, 443, 528, 546, 595, 607, 666, 683, 710, 719, 769, 790, 799, 816, 883, 899, 917, 928, 942, 954, 972, 975, 1002, 1014, 1016, 1017, 1010, 1019, 1007, 1003, 997, 982, 967, 972, 932, 935, 907, 901, 846, 841, 828, 810, 778, 765, 744, 736, 708, 690, 662, 640, 599, 573, 557, 546, 464, 457, 433, 421, 388, 367, 353, 346, 320, 297, 299, 292, 304, 316, 307, 296, 292, 300, 300, 290, 262, 247, 248, 233, 241, 250, 237, 243, 252, 217, 222, 226, 204, 202, 212, 204, 192, 201, 179, 187, 174, 156, 161, 149, 156, 140, 123, 112, 106, 107, 78, 75, 64, 50, 51, 40, 37, 27, 23]"
29,1529503870879,0,"[120, 120, 120, 120, 120, 120, 120, 120, 120, 118, 119, 120, 120, 120, 120, 120, 120, 120, 120, 95, 95, 97, 98, 86, 88, 86, 86, 84, 84, 84, 85, 64, 65, 58, 61, 54, 53, 54, 61, 63, 71, 80, 81, 96, 92, 100, 103, 119, 120, 123, 130, 146, 149, 154, 152, 158, 157, 156, 157, 160, 166, 159, 162, 166, 162, 162, 160, 151, 153, 146, 142, 102, 99, 88, 77, 66, 70, 67, 57, 44, 45, 37, 40, 26, 28, 25, 19, 59, 60, 60, 59, 88, 90, 90, 96, 129, 128, 129, 132, 144, 147, 146, 143, 161, 165, 170, 177, 199, 203, 215, 233, 285, 296, 297, 315, 341, 357, 374, 387, 473, 499, 519, 539, 613, 627, 640, 649, 720, 734, 752, 763, 797, 818, 823, 832, 860, 877, 882, 891, 910, 923, 920, 923, 938, 926, 923, 920, 908, 895, 878, 882, 847, 844, 833, 825, 814, 805, 790, 783, 740, 739, 723, 720, 675, 674, 651, 635, 558, 544, 520, 511, 454, 436, 424, 383, 349, 323, 317, 310, 273, 273, 280, 276, 266, 256, 261, 258, 261, 251, 254, 249, 240, 238, 236, 237, 232, 215, 206, 208, 191, 194, 192, 192, 182, 178, 181, 187, 178, 187, 197, 181, 183, 177, 137, 147, 127, 127, 125, 102, 102, 96, 86, 73, 54, 45, 35, 27, 32, 29, 22]"
30,1529503874156,0,"[120, 120, 120, 120, 120, 120, 120, 120, 120, 120, 120, 120, 120, 120, 120, 120, 120, 120, 120, 120, 120, 120, 120, 120, 120, 120, 120, 120, 120, 120, 120, 120, 120, 120, 120, 120, 120, 120, 120, 120, 120, 120, 120, 120, 120, 120, 120, 120, 120, 120, 120, 120, 120, 120, 120, 120, 120, 120, 120, 120, 120, 120, 120, 120, 120, 120, 120, 120, 120, 120, 120, 120, 120, 120, 120, 120, 120, 120, 120, 120, 120, 120, 120, 120, 120, 120, 120, 120, 120, 120, 120, 120, 120, 120, 120, 120, 120, 120, 120, 118, 118, 120, 120, 120, 120, 120, 120, 120, 120, 120, 121, 123, 121, 124, 122, 122, 120, 120, 122, 126, 130, 127, 130, 131, 134, 129, 130, 140, 136, 135, 138, 137, 139, 139, 137, 141, 140, 137, 135, 138, 140, 142, 136, 134, 137, 136, 132, 132, 132, 134, 133, 123, 122, 121, 125, 121, 123, 125, 123, 117, 117, 114, 114, 116, 115, 116, 117, 75, 81, 76, 78, 72, 70, 74, 74, 58, 60, 61, 59, 49, 51, 50, 50, 39, 41, 35, 47, 34, 46, 41, 49, 47, 34, 35, 31, 33, 45, 38, 56, 50, 33, 40, 46, 44, 41, 43, 32, 33, 39, 32, 28, 45, 51, 51, 47, 35, 31, 21, 27, 70, 66, 70, 66, 55, 57, 60, 59, 92, 92, 93]"
31,1529503877422,0,"[120, 120, 120, 120, 120, 120, 120, 120, 120, 120, 120, 120, 120, 120, 120, 120, 120, 120, 120, 120, 120, 120, 120, 120, 120, 120, 120, 120, 120, 120, 120, 120, 120, 120, 120, 120, 120, 120, 120, 120, 120, 120, 120, 120, 120, 120, 120, 120, 120, 120, 120, 120, 120, 120, 120, 120, 120, 120, 120, 120, 120, 120, 120, 120, 120, 120, 120, 120, 120, 120, 120, 120, 120, 120, 120, 120, 120, 120, 120, 120, 120, 120, 120, 120, 120, 120, 120, 120, 120, 120, 120, 120, 120, 120, 120, 120, 120, 120, 120, 120, 120, 120, 120, 120, 120, 120, 120, 120, 120, 120, 120, 120, 120, 120, 120, 120, 120, 120, 120, 120, 122, 120, 121, 122, 120, 120, 120, 129, 130, 131, 133, 127, 127, 125, 134, 138, 142, 145, 136, 129, 129, 127, 128, 130, 129, 127, 130, 128, 126, 126, 126, 124, 121, 122, 120, 121, 120, 120, 120, 120, 120, 120, 120, 120, 120, 120, 120, 117, 117, 115, 116, 102, 101, 102, 101, 102, 102, 101, 101, 90, 90, 92, 94, 94, 94, 93, 92, 85, 89, 93, 89, 100, 95, 103, 101, 88, 86, 91, 86, 94, 96, 97, 96, 94, 93, 88, 91, 110, 106, 103, 104, 96, 95, 97, 98, 103, 104, 106, 105, 107, 105, 105, 105, 120, 120, 120, 120, 120, 120, 120]"
32,1529503880760,0,"[120, 120, 120, 120, 120, 120, 120, 118, 118, 120, 120, 106, 106, 96, 96, 46, 46, 48, 47, 32, 28, 33, 30, 56, 56, 71, 73, 81, 81, 85, 84, 91, 91, 96, 100, 144, 147, 156, 155, 170, 167, 168, 170, 187, 190, 189, 192, 239, 241, 237, 235, 252, 253, 257, 258, 276, 275, 277, 277, 288, 287, 288, 286, 293, 295, 291, 296, 294, 291, 289, 291, 289, 291, 289, 286, 292, 289, 293, 294, 298, 306, 337, 338, 373, 370, 388, 399, 426, 430, 458, 480, 558, 580, 598, 619, 661, 658, 687, 718, 767, 784, 800, 822, 912, 940, 985, 1010, 1095, 1117, 1139, 1152, 1234, 1262, 1283, 1302, 1323, 1345, 1352, 1385, 1429, 1433, 1436, 1442, 1457, 1448, 1441, 1468, 1464, 1465, 1459, 1463, 1440, 1436, 1435, 1424, 1404, 1383, 1371, 1367, 1339, 1330, 1323, 1292, 1240, 1236, 1219, 1196, 1130, 1110, 1104, 1082, 997, 989, 951, 935, 879, 880, 838, 812, 790, 747, 725, 725, 720, 725, 734, 741, 731, 736, 751, 760, 775, 795, 801, 782, 791, 794, 786, 813, 758, 738, 761, 757, 769, 775, 769, 776, 787, 802, 795, 778, 784, 789, 779, 768, 766, 775, 766, 748, 761, 746, 729, 729, 711, 697, 696, 668, 617, 602, 580, 539, 500, 485, 471, 454, 382, 353, 314, 288, 227, 196, 174, 147, 106, 91, 60, 50, 25, 21, 19]"
33,1529503884154,0,"[945, 1005, 1019, 1116, 1134, 1165, 1201, 1282, 1299, 1332, 1347, 1444, 1467, 1502, 1517, 1628, 1652, 1680, 1704, 1804, 1816, 1832, 1856, 1944, 1951, 1968, 1984, 2074, 2085, 2110, 2114, 2182, 2187, 2219, 2231, 2284, 2295, 2313, 2322, 2381, 2391, 2402, 2410, 2457, 2471, 2484, 2494, 2567, 2589, 2622, 2681, 2850, 2944, 3052, 3129, 3298, 3389, 3480, 3567, 3815, 3905, 4011, 4104, 4336, 4412, 4518, 4610, 4866, 4975, 5105, 5211, 5500, 5608, 5773, 5918, 6251, 6414, 6573, 6710, 7015, 7136, 7320, 7470, 7740, 7836, 7979, 8116, 8302, 8395, 8498, 8592, 8772, 8834, 8931, 8999, 9140, 9188, 9271, 9314, 9436, 9493, 9549, 9594, 9671, 9715, 9741, 9751, 9811, 9820, 9804, 9795, 9805, 9789, 9798, 9780, 9762, 9761, 9754, 9792, 9851, 9899, 9918, 9938, 9978, 9986, 10009, 10032, 10062, 10070, 10096, 10091, 10064, 10054, 10025, 10004, 9955, 9908, 9879, 9817, 9709, 9644, 9565, 9491, 9362, 9273, 9182, 9083, 8993, 8934, 8895, 8871, 8886, 8929, 8999, 9059, 9117, 9127, 9148, 9171, 9180, 9212, 9173, 9138, 9168, 9156, 9160, 9131, 9095, 9055, 9020, 8986, 8920, 8865, 8798, 8733, 8566, 8443, 8352, 8273, 8135, 8040, 7932, 7815, 7654, 7538, 7417, 7270, 7084, 6937, 6755, 6601, 6399, 6183, 6055, 5908, 5726, 5574, 5451, 5354, 5202, 5084, 4963, 4821, 4708, 4609, 4522, 4471, 4418, 4347, 4336, 4295, 4230, 4209, 4174, 4146, 4060, 4013, 3942, 3864, 3801, 3723, 3605, 3509, 3390, 3279, 3143, 3089, 2895, 2733, 2620]"
34,1529503887560,0,"[1352, 1378, 1403, 1503, 1539, 1608, 1632, 1692, 1720, 1770, 1807, 1822, 1848, 1881, 1884, 1959, 1967, 2003, 2005, 2013, 2018, 2024, 2004, 2045, 2052, 2086, 2092, 2156, 2173, 2201, 2221, 2293, 2305, 2316, 2336, 2426, 2451, 2483, 2522, 2643, 2686, 2780, 2871, 3051, 3126, 3231, 3322, 3539, 3635, 3757, 3860, 4099, 4206, 4313, 4407, 4632, 4730, 4850, 4948, 5176, 5264, 5401, 5510, 5767, 5869, 6002, 6104, 6374, 6496, 6643, 6807, 7136, 7260, 7418, 7558, 7869, 8007, 8143, 8278, 8520, 8614, 8761, 8875, 9104, 9193, 9302, 9407, 9590, 9667, 9761, 9820, 9952, 10003, 10068, 10132, 10232, 10275, 10347, 10394, 10461, 10484, 10525, 10537, 10534, 10533, 10535, 10526, 10570, 10583, 10584, 10596, 10669, 10696, 10745, 10786, 10816, 10844, 10868, 10892, 10921, 10931, 10967, 10969, 10996, 11002, 11010, 11007, 10947, 10945, 10913, 10896, 10833, 10780, 10713, 10651, 10573, 10480, 10398, 10304, 10186, 10090, 9980, 9911, 9827, 9769, 9733, 9734, 9800, 9847, 9988, 10120, 10239, 10343, 10403, 10486, 10600, 10621, 10668, 10668, 10662, 10674, 10644, 10584, 10523, 10456, 10361, 10319, 10236, 10134, 10047, 9913, 9765, 9629, 9483, 9346, 9200, 9085, 8909, 8776, 8569, 8357, 8170, 7992, 7767, 7548, 7329, 7106, 6888, 6727, 6545, 6378, 6225, 6075, 5911, 5812, 5690, 5556, 5438, 5356, 5280, 5232, 5179, 5145, 5089, 5028, 5001, 4966, 4928, 4895, 4827, 4783, 4702, 4622, 4534, 4451, 4292, 4191, 4118, 4000, 3840, 3734, 3625, 3517, 3315, 3157, 3000, 2867, 2622, 2464, 2253]"
35,1529503890964,0,"[1369, 1411, 1447, 1518, 1538, 1598, 1622, 1719, 1749, 1775, 1802, 1852, 1873, 1915, 1914, 1987, 2002, 1989, 1983, 2035, 2028, 2023, 2026, 2102, 2100, 2128, 2142, 2217, 2226, 2236, 2262, 2332, 2353, 2361, 2383, 2457, 2478, 2501, 2517, 2629, 2670, 2744, 2821, 3010, 3089, 3165, 3278, 3529, 3607, 3734, 3833, 4066, 4168, 4274, 4367, 4591, 4703, 4807, 4900, 5157, 5256, 5400, 5497, 5740, 5851, 5975, 6108, 6386, 6503, 6678, 6804, 7155, 7272, 7464, 7624, 7892, 8030, 8166, 8325, 8575, 8701, 8835, 8957, 9173, 9286, 9384, 9505, 9680, 9740, 9836, 9946, 10043, 10104, 10172, 10222, 10351, 10378, 10437, 10487, 10561, 10590, 10619, 10634, 10665, 10667, 10678, 10672, 10692, 10710, 10705, 10710, 10752, 10793, 10831, 10870, 10923, 10951, 10971, 11001, 11027, 11045, 11055, 11079, 11105, 11125, 11124, 11111, 11067, 11047, 11017, 11002, 10927, 10892, 10840, 10770, 10701, 10597, 10499, 10419, 10287, 10196, 10097, 10001, 9898, 9833, 9786, 9790, 9823, 9865, 9955, 10075, 10208, 10319, 10423, 10494, 10604, 10630, 10702, 10720, 10713, 10709, 10702, 10664, 10577, 10537, 10483, 10408, 10322, 10252, 10100, 9994, 9876, 9756, 9611, 9466, 9294, 9148, 8995, 8853, 8642, 8424, 8230, 8006, 7747, 7535, 7326, 7151, 6951, 6748, 6598, 6452, 6285, 6143, 5998, 5850, 5712, 5585, 5482, 5379, 5288, 5247, 5188, 5134, 5111, 5066, 5015, 4996, 4957, 4919, 4858, 4807, 4743, 4668, 4600, 4504, 4324, 4238, 4126, 4046, 3927, 3773, 3659, 3527, 3314, 3137, 3033, 2877, 2656, 2463, 2305]"
36,1529503894348,0,"[69, 67, 68, 101, 98, 112, 115, 173, 174, 188, 192, 257, 269, 269, 279, 316, 312, 326, 332, 378, 390, 394, 410, 467, 471, 476, 491, 517, 517, 531, 535, 580, 594, 591, 610, 662, 669, 678, 684, 734, 740, 757, 760, 800, 815, 815, 838, 884, 891, 891, 907, 932, 949, 967, 977, 1030, 1046, 1055, 1083, 1148, 1173, 1221, 1239, 1313, 1323, 1382, 1413, 1524, 1555, 1589, 1640, 1744, 1756, 1806, 1858, 1964, 2014, 2064, 2112, 2219, 2264, 2297, 2344, 2463, 2511, 2558, 2587, 2682, 2709, 2760, 2802, 2928, 2962, 3008, 3071, 3191, 3245, 3311, 3367, 3502, 3550, 3606, 3692, 3817, 3868, 3957, 4002, 4109, 4205, 4259, 4336, 4500, 4544, 4625, 4712, 4838, 4893, 4961, 4986, 5120, 5158, 5210, 5246, 5318, 5325, 5357, 5383, 5424, 5418, 5422, 5419, 5433, 5443, 5417, 5398, 5365, 5345, 5323, 5290, 5257, 5222, 5166, 5133, 5040, 5016, 4951, 4906, 4770, 4722, 4656, 4605, 4492, 4458, 4384, 4308, 4211, 4138, 4058, 4001, 3937, 3891, 3876, 3872, 3942, 4064, 4135, 4206, 4295, 4326, 4384, 4420, 4405, 4416, 4491, 4495, 4491, 4486, 4445, 4446, 4381, 4341, 4275, 4206, 4131, 4031, 3939, 3872, 3743, 3660, 3603, 3516, 3430, 3367, 3293, 3246, 3163, 3138, 3134, 3115, 3072, 3075, 3034, 3029, 3012, 2984, 2917, 2904, 2836, 2784, 2767, 2728, 2619, 2551, 2489, 2394, 2251, 2170, 2071, 1984, 1848, 1736, 1679, 1603, 1419, 1328, 1251, 1173, 1034, 957, 867]"
37,1529503897605,0,"[120, 118, 118, 120, 120, 120, 120, 120, 120, 120, 120, 120, 120, 120, 120, 120, 120, 120, 120, 120, 120, 120, 120, 120, 120, 120, 120, 120, 120, 120, 120, 120, 120, 120, 120, 119, 119, 120, 120, 120, 120, 120, 120, 120, 120, 120, 120, 120, 120, 120, 120, 120, 120, 120, 120, 120, 120, 120, 120, 120, 120, 120, 120, 120, 120, 120, 120, 120, 120, 120, 120, 120, 120, 120, 120, 120, 120, 120, 120, 120, 120, 120, 120, 120, 120, 120, 120, 120, 120, 120, 120, 120, 120, 120, 120, 120, 120, 120, 120, 120, 120, 120, 120, 120, 120, 120, 120, 120, 120, 120, 120, 120, 120, 120, 120, 120, 120, 120, 120, 120, 120, 120, 120, 120, 120, 120, 120, 120, 120, 120, 120, 120, 120, 120, 120, 120, 120, 120, 120, 120, 120, 116, 117, 120, 118, 120, 120, 120, 120, 120, 120, 120, 120, 120, 120, 120, 120, 120, 120, 120, 120, 120, 120, 120, 120, 120, 120, 120, 120, 120, 120, 116, 118, 119, 118, 120, 120, 120, 120, 120, 120, 120, 120, 120, 120, 120, 120, 120, 120, 120, 120, 120, 120, 118, 118, 120, 120, 120, 120, 120, 120, 120, 120, 120, 120, 120, 120, 120, 120, 120, 120, 121, 120, 120, 120, 118, 119, 120, 120, 120, 120, 120, 120, 120, 120, 120, 120, 120, 120, 120]"
38,1529503900948,0,"[84, 83, 83, 61, 67, 71, 72, 40, 41, 45, 45, 61, 60, 61, 65, 84, 88, 89, 94, 123, 128, 135, 141, 149, 152, 151, 159, 184, 184, 187, 189, 209, 208, 219, 219, 239, 241, 253, 256, 257, 255, 253, 260, 277, 279, 287, 288, 292, 293, 300, 301, 316, 312, 317, 318, 327, 333, 328, 328, 325, 338, 325, 324, 324, 318, 330, 325, 320, 328, 320, 321, 346, 332, 356, 359, 353, 377, 388, 390, 405, 422, 436, 446, 478, 481, 510, 504, 551, 556, 558, 571, 630, 639, 658, 686, 705, 705, 755, 773, 808, 823, 849, 867, 952, 982, 1010, 1028, 1086, 1118, 1147, 1172, 1207, 1227, 1242, 1251, 1308, 1322, 1323, 1340, 1376, 1388, 1384, 1396, 1431, 1446, 1448, 1463, 1460, 1455, 1434, 1437, 1417, 1408, 1393, 1381, 1333, 1327, 1311, 1293, 1265, 1261, 1245, 1237, 1171, 1151, 1132, 1117, 1069, 1036, 1023, 1007, 927, 897, 877, 862, 799, 786, 759, 718, 690, 661, 646, 639, 610, 598, 616, 640, 642, 644, 645, 647, 672, 679, 678, 689, 684, 684, 691, 694, 702, 706, 692, 709, 692, 698, 669, 686, 709, 696, 700, 690, 701, 681, 706, 681, 655, 634, 638, 635, 606, 605, 586, 584, 571, 557, 536, 541, 490, 482, 430, 402, 366, 338, 319, 311, 257, 237, 219, 189, 155, 121, 99, 86, 51, 48, 38, 33, 28, 25, 20]"
39,1529503904325,0,"[138, 140, 144, 189, 191, 205, 208, 231, 233, 233, 240, 303, 304, 321, 333, 375, 388, 402, 412, 485, 494, 505, 521, 559, 567, 568, 577, 611, 616, 632, 631, 684, 681, 700, 711, 739, 752, 749, 757, 789, 792, 793, 796, 814, 822, 828, 832, 840, 847, 858, 870, 875, 877, 889, 891, 916, 923, 935, 940, 979, 984, 1010, 1019, 1054, 1053, 1066, 1094, 1147, 1149, 1176, 1204, 1272, 1290, 1324, 1350, 1450, 1478, 1519, 1563, 1627, 1675, 1717, 1740, 1835, 1877, 1914, 1952, 2011, 2034, 2063, 2097, 2149, 2158, 2195, 2198, 2228, 2246, 2280, 2281, 2313, 2321, 2358, 2393, 2449, 2488, 2515, 2534, 2594, 2616, 2635, 2671, 2726, 2770, 2785, 2801, 2895, 2932, 2944, 2972, 3035, 3056, 3107, 3128, 3183, 3211, 3233, 3260, 3308, 3334, 3344, 3363, 3370, 3367, 3375, 3381, 3368, 3353, 3346, 3322, 3280, 3272, 3215, 3170, 3118, 3081, 3042, 3018, 2945, 2919, 2859, 2823, 2711, 2655, 2632, 2601, 2495, 2459, 2413, 2365, 2304, 2254, 2221, 2171, 2121, 2110, 2077, 2052, 2030, 2005, 2003, 2024, 2013, 2016, 2021, 1995, 1984, 2027, 2017, 2061, 2066, 2069, 2101, 2109, 2111, 2102, 2067, 2028, 2008, 1974, 1940, 1887, 1819, 1778, 1753, 1688, 1696, 1648, 1625, 1640, 1596, 1613, 1537, 1535, 1519, 1497, 1500, 1492, 1430, 1380, 1395, 1380, 1350, 1391, 1348, 1345, 1298, 1285, 1236, 1223, 1176, 1123, 1068, 1026, 978, 935, 885, 843, 779, 713, 668]"
40,1529503907701,0,"[131, 137, 137, 172, 178, 182, 184, 217, 218, 225, 227, 272, 274, 285, 288, 327, 334, 342, 354, 398, 400, 409, 418, 471, 476, 486, 491, 514, 518, 538, 538, 580, 581, 595, 606, 626, 640, 633, 633, 664, 671, 674, 685, 707, 706, 718, 720, 739, 747, 748, 748, 751, 755, 759, 763, 763, 767, 776, 782, 785, 802, 804, 806, 835, 852, 841, 866, 892, 916, 935, 959, 1006, 1029, 1055, 1078, 1144, 1173, 1200, 1231, 1320, 1352, 1388, 1399, 1489, 1523, 1552, 1584, 1637, 1667, 1700, 1692, 1763, 1791, 1817, 1849, 1887, 1891, 1918, 1932, 1978, 1992, 2009, 2024, 2077, 2104, 2133, 2143, 2178, 2213, 2220, 2241, 2288, 2312, 2333, 2363, 2416, 2438, 2445, 2458, 2478, 2489, 2487, 2503, 2533, 2535, 2542, 2547, 2561, 2555, 2573, 2571, 2544, 2531, 2507, 2517, 2478, 2453, 2411, 2380, 2310, 2295, 2259, 2230, 2136, 2101, 2076, 2049, 1957, 1932, 1880, 1855, 1794, 1773, 1740, 1709, 1671, 1632, 1619, 1590, 1551, 1517, 1492, 1476, 1476, 1457, 1430, 1413, 1408, 1394, 1375, 1367, 1356, 1348, 1354, 1352, 1332, 1335, 1346, 1366, 1325, 1324, 1341, 1324, 1300, 1300, 1217, 1193, 1161, 1129, 1127, 1108, 1046, 1028, 1018, 989, 970, 947, 934, 928, 886, 857, 839, 829, 815, 792, 788, 756, 737, 733, 733, 694, 680, 690, 652, 643, 573, 539, 514, 489, 482, 447, 431, 403, 386, 380, 323, 297, 274, 249, 223]"
41,1529503911101,0,"[1003, 1020, 1079, 1155, 1183, 1220, 1249, 1308, 1335, 1344, 1363, 1442, 1465, 1502, 1510, 1579, 1592, 1648, 1669, 1716, 1731, 1747, 1748, 1778, 1779, 1796, 1801, 1870, 1878, 1897, 1910, 1975, 1985, 2004, 2016, 2079, 2092, 2114, 2130, 2196, 2212, 2246, 2288, 2422, 2487, 2530, 2598, 2731, 2790, 2876, 2962, 3185, 3273, 3370, 3447, 3637, 3714, 3802, 3868, 4068, 4151, 4238, 4311, 4543, 4618, 4696, 4783, 4994, 5085, 5204, 5313, 5592, 5685, 5843, 5935, 6224, 6352, 6509, 6660, 6929, 7052, 7223, 7345, 7561, 7669, 7787, 7894, 8059, 8135, 8240, 8332, 8450, 8491, 8586, 8633, 8708, 8757, 8819, 8860, 8960, 8994, 9010, 9041, 9105, 9128, 9169, 9181, 9191, 9184, 9192, 9190, 9202, 9186, 9162, 9184, 9178, 9173, 9191, 9207, 9230, 9254, 9269, 9276, 9262, 9267, 9292, 9316, 9325, 9320, 9309, 9306, 9275, 9239, 9206, 9179, 9077, 9020, 8948, 8887, 8828, 8752, 8642, 8542, 8433, 8386, 8387, 8443, 8498, 8593, 8698, 8800, 8906, 8928, 8985, 9030, 9039, 9065, 9086, 9095, 9072, 9066, 9013, 8962, 8886, 8813, 8725, 8658, 8572, 8506, 8423, 8361, 8293, 8212, 8084, 7998, 7915, 7800, 7668, 7587, 7472, 7392, 7324, 7238, 7108, 7002, 6911, 6761, 6603, 6469, 6319, 6183, 6038, 5900, 5766, 5644, 5502, 5368, 5263, 5152, 5033, 4928, 4822, 4667, 4570, 4493, 4401, 4330, 4212, 4150, 4131, 4100, 4020, 3989, 3953, 3907, 3847, 3761, 3719, 3666, 3530, 3440, 3344, 3287, 3168, 3084, 3005, 2917, 2806, 2713, 2618]"
42,1529503914490,0,"[235, 254, 267, 308, 314, 338, 343, 401, 404, 418, 430, 509, 513, 527, 537, 613, 620, 638, 649, 714, 715, 729, 736, 813, 816, 838, 843, 908, 909, 943, 928, 984, 997, 1014, 1030, 1070, 1076, 1084, 1089, 1128, 1137, 1158, 1174, 1197, 1209, 1209, 1228, 1277, 1283, 1302, 1320, 1379, 1390, 1414, 1444, 1520, 1552, 1596, 1630, 1716, 1740, 1801, 1842, 1977, 2002, 2046, 2092, 2195, 2246, 2294, 2354, 2478, 2522, 2595, 2667, 2784, 2831, 2896, 2929, 3050, 3083, 3145, 3191, 3313, 3356, 3405, 3465, 3580, 3627, 3704, 3732, 3868, 3918, 3981, 4028, 4149, 4212, 4267, 4337, 4467, 4524, 4601, 4662, 4784, 4845, 4907, 4945, 5071, 5126, 5173, 5223, 5329, 5365, 5452, 5495, 5613, 5661, 5688, 5719, 5794, 5803, 5825, 5847, 5874, 5894, 5895, 5895, 5901, 5896, 5884, 5865, 5826, 5797, 5785, 5759, 5696, 5649, 5616, 5575, 5507, 5457, 5387, 5355, 5207, 5165, 5096, 5051, 4928, 4831, 4770, 4694, 4578, 4532, 4450, 4367, 4277, 4222, 4163, 4170, 4178, 4228, 4301, 4374, 4410, 4437, 4459, 4482, 4521, 4542, 4569, 4560, 4571, 4566, 4582, 4578, 4536, 4509, 4484, 4431, 4311, 4244, 4181, 4088, 3988, 3896, 3793, 3717, 3612, 3541, 3459, 3401, 3326, 3256, 3201, 3165, 3084, 3046, 3029, 3000, 2955, 2922, 2902, 2863, 2830, 2755, 2709, 2696, 2593, 2568, 2535, 2451, 2337, 2313, 2231, 2120, 2044, 1939, 1858, 1753, 1596, 1537, 1416, 1364, 1214, 1103, 1034, 957, 836, 784, 698]"
